Id,Departamento,Tipo,Nombre,Direccion,Telefono,Latitud,Longitud,Fuente
1,Cochabamba,Alimentos,Mercado movil-GAM Cochabamba,Av. Juan Pablo II esq. Pedro Cayetano,4 4258030,-17.389389,-66.199381,web
2,Cochabamba,Alimentos,Mercado movil-GAM Cochabamba,Av. Thunupa esq.  calle Apurimak,4 4258030,-17.378163,-66.188111,web
3,Cochabamba,Alimentos,Mercado movil-GAM Cochabamba,Av. Dorbigni esq. Av. Villavicencio,4 4258030,-17.387385,-66.182269,web
4,Cochabamba,Alimentos,Mercado movil-GAM Cochabamba,Av. Tadeo Haenke esq. Juan Pablo II,4 4258030,-17.381416,-66.198917,web
5,Cochabamba,Alimentos,Mercado movil-GAM Cochabamba,Av. Ingavi esq. Cornelio  Saavedra,4 4258030,-17.404163,-66.180518,web
6,Cochabamba,Alimentos,Mercado movil-GAM Cochabamba,Av. Melchor Perez y Av. Dorbigni,4 4258030,-17.388118,-66.179124,web
7,Cochabamba,Alimentos,Mercado movil-GAM Cochabamba,OTB Nueva Jerusalen,4 4258030,-17.431635,-66.141808,web
8,Cochabamba,Alimentos,Mercado movil-GAM Cochabamba,Av. Siglo XX esq. Libertad,4 4258030,-17.444589,-66.125164,web
9,Cochabamba,Alimentos,Mercado movil-GAM Cochabamba,Av. París OTB Nueva Vera Cruz,4 4258030,-17.464159,-66.120245,web
10,Cochabamba,Alimentos,Mercado movil-GAM Cochabamba,OTB Jarkamayu,4 4258030,-17.452628,-66.102311,web
11,Cochabamba,Alimentos,Mercado movil-GAM Cochabamba,OTB Gualberto Villarroel,4 4258030,-17.45638,-66.116872,web
12,Cochabamba,Alimentos,Mercado movil-GAM Cochabamba,OTB Serena Calicanto,4 4258030,-17.468704,-66.110463,web
13,Cochabamba,Alimentos,Mercado movil-GAM Cochabamba,Av. Suecia (Biblio Avión) - D6,4 4258030,-17.419745,-66.139731,web
14,Cochabamba,Alimentos,Mercado movil-GAM Cochabamba,OTB Alto Cochabamba - D8,4 4258030,-17.423424,-66.145061,web
15,Cochabamba,Alimentos,Mercado movil-GAM Cochabamba,"OTB Villa Aguada, OTB Villa Brasil - D7",4 4258030,-17.422232,-66.118136,web
16,Cochabamba,Alimentos,Mercado movil-GAM Cochabamba,OTB Rocas Blancas - D7,4 4258030,-17.420293,-66.114978,web
17,Cochabamba,Alimentos,Mercado movil-GAM Cochabamba,"OTB Yuraj Rumy, OTB Las Peñas - D14",4 4258030,-17.431495,-66.109405,web
18,Cochabamba,Alimentos,Mercado movil-GAM Cochabamba,OTB Colinas de Pasbol - D14,4 4258030,-17.434705,-66.109413,web
19,Cochabamba,Alimentos,Mercado movil-GAM Cochabamba,Av. Manco Kapac y Av. 27 de agosto,4 4258030,-17.40391,-66.166728,web
20,Cochabamba,Alimentos,Mercado movil-GAM Cochabamba,"Av. Huayna Kapac, plaza Reforma Agraria",4 4258030,-17.398862,-66.164203,web
21,Cochabamba,Alimentos,Mercado movil-GAM Cochabamba,"Av. Heroínas, Plaza Gumán Quiton",4 4258030,-17.393286,-66.161548,web
22,Cochabamba,Alimentos,Mercado movil-GAM Cochabamba,"Calle México, Plaza Colón",4 4258030,-17.387801,-66.155863,web
23,Cochabamba,Alimentos,Mercado movil-GAM Cochabamba,Av. Heroínas y av. Oquendo,4 4258030,-17.391064,-66.149985,web
24,Cochabamba,Alimentos,Mercado movil-GAM Cochabamba,Av. Guillermo Urquidi y Av. Belzu,4 4258030,-17.393932,-66.141834,web
25,Cochabamba,Alimentos,Mercado movil-GAM Cochabamba,Av. Ruben Darío y Parque Noruego,4 4258030,-17.390946,-66.138801,web
26,Cochabamba,Alimentos,Mercado movil-GAM Cochabamba,Av. Ruben Darío y Av. J. Cruz Torrez,4 4258030,-17.381444,-66.142125,web
27,Cochabamba,Alimentos,Mercado movil-GAM Cochabamba,Av. Ramon Rivero y pasaje Viscarra,4 4258030,-17.380419,-66.150788,web
28,Cochabamba,Alimentos,Mercado movil-GAM Cochabamba,Plaza Quintanilla,4 4258030,-17.382198,-66.151796,web
29,Cochabamba,Alimentos,Mercado movil-GAM Cochabamba,"Av. Libertador Bolivar y Av. Oblitas, Plaza Cordova",4 4258030,-17.380647,-66.160008,web
30,Cochabamba,Alimentos,Mercado movil-GAM Cochabamba,Av. Juan de la Rosa y Av. Félix Aranibar,4 4258030,-17.379127,-66.16538,web
31,Cochabamba,Alimentos,Mercado movil-GAM Cochabamba,Parque Franz Tamayo y calle Washington,4 4258030,-17.375397,-66.167472,web
32,Cochabamba,Alimentos,Mercado movil-GAM Cochabamba,Av. América y Av. Jaime Mendoza,4 4258030,-17.37222,-66.16856,web
33,Cochabamba,Alimentos,Mercado movil-GAM Cochabamba,Av. Man Césped y Jaimes Freire,4 4258030,-17.368173,-66.167926,web
34,Cochabamba,Alimentos,Mercado movil-GAM Cochabamba,"Av. Libertador Bolivar, Plaza Cala Cala",4 4258030,-17.368457,-66.16386,web
35,Cochabamba,Alimentos,Mercado movil-GAM Cochabamba,Av. Atahuallpa y Av. Circunvalacion,4 4258030,-17.365098,-66.162285,web
36,Cochabamba,Alimentos,Mercado movil-GAM Cochabamba,Av. Circunvalación y Av. Santa Cruz,4 4258030,-17.366498,-66.156436,web
37,Cochabamba,Alimentos,Mercado movil-GAM Cochabamba,Av. Circunvalación y Av. Melchor Urquidi,4 4258030,-17.367146,-66.149613,web
38,Cochabamba,Alimentos,Mercado movil-GAM Cochabamba,Av. Circunvalación y Parque Jorge Trigo Andia,4 4258030,-17.369374,-66.144038,web
39,Cochabamba,Alimentos,Mercado movil-GAM Cochabamba,"Av. América, Plaza Tarija",4 4258030,-17.373794,-66.142957,web
40,Cochabamba,Alimentos,Mercado movil-GAM Cochabamba,Av. Uyuni y Av. Melchor Urquidi,4 4258030,-17.378465,-66.149734,web
41,Cochabamba,Alimentos,Mercado movil-GAM Cochabamba,Av. Humboldt y Av. Dorbigni,4 4258030,-17.387288,-66.165919,web
42,Cochabamba,Alimentos,Mercado movil-GAM Cochabamba,"Av.  II Circunvalación y cancha multifuncional, OTB 24 de mayo",4 4258030,-17.354645,-66.156848,web
43,Cochabamba,Alimentos,Mercado movil-GAM Cochabamba,Av. II Circunvalación y Torrentera Logostani,4 4258030,NA,NA,web
44,Cochabamba,Alimentos,Mercado movil-GAM Cochabamba,"OTB Los Ceibos, frente al Hospital del Norte",4 4258030,-17.345846,-66.165797,web
45,Cochabamba,Alimentos,Mercado movil-GAM Cochabamba,Av. Circunvalación y Melchor Peréz,4 4258030,-17.359252,-66.17207,web
46,Cochabamba,Alimentos,Mercado movil-GAM Cochabamba,"OTB Colquiri Norte, sede",4 4258030,-17.354623,-66.180253,web
47,Cochabamba,Alimentos,Mercado movil-GAM Cochabamba,Av. Hernán Siles y Porfirio Diaz Machicado,4 4258030,-17.357259,-66.165183,web
48,Cochabamba,Alimentos,Mercado movil-GAM Cochabamba,Av. Atahuallpa y Mostajo,4 4258030,-17.361927,-66.161077,web
49,Cochabamba,Alimentos,Mercado movil-GAM Cochabamba,Av. Luis Calvo y Zarzamora,4 4258030,-17.363155,-66.151708,web
50,Cochabamba,Alimentos,Mercado movil-GAM Cochabamba,Kara Kara lado colegio Juancito Pinto tinglado - D15,4 4258030,-17.473767,-66.120883,web
51,Cochabamba,Alimentos,Mercado movil-GAM Cochabamba,"Pampa San Miguel, final Av. Autonomía, tinglado - D15",4 4258030,-17.466753,-66.145647,web
52,Cochabamba,Alimentos,Mercado movil-GAM Cochabamba,Kara Kara - D15,4 4258030,-17.471945,-66.130232,web
53,Cochabamba,Alimentos,Mercado movil-GAM Cochabamba,Villaflores - D15,4 4258030,-17.476704,-66.121129,web
54,Cochabamba,Alimentos,Mercado movil-GAM Cochabamba,Ichucollo - D15,4 4258030,-17.481132,-66.12455,web
55,Cochabamba,Alimentos,Mercado movil-GAM Cochabamba,OTB Paz Nueva Jerusalen - D9,4 4258030,-17.491074,-66.177283,web
56,Cochabamba,Alimentos,Mercado movil-GAM Cochabamba,"Colegio 1 de Mayo, cerca plaza vecinal - D9",4 4258030,-17.467023,-66.20413,web
57,Cochabamba,Alimentos,Mercado movil-GAM Cochabamba,"Itocta, templo frente al colegio - D9",4 4258030,-17.457944,-66.185038,web
58,Cochabamba,Alimentos,Mercado movil-GAM Cochabamba,"OTB Villa Oropeza, Cobol cerca colegio - D9",4 4258030,-17.483958,-66.159673,web
59,Cochabamba,Alimentos,Mercado movil-GAM Cochabamba,"OTB 21 de septiembre, tinglado - D9",4 4258030,-17.482268,-66.18029,web
60,Cochabamba,Alimentos,Mercado movil-GAM Cochabamba,"Sivingani, entrada lado del colegio - D9",4 4258030,-17.472719,-66.182749,web
61,Cochabamba,Alimentos,Mercado movil-GAM Cochabamba,"Pucarita Chica, lado del colegio - D9",4 4258030,-17.452255,-66.202087,web
62,Cochabamba,Alimentos,Mercado movil-GAM Cochabamba,Albarrancho - D9,4 4258030,-17.453885,-66.244445,web
63,Cochabamba,Alimentos,Mercado movil-GAM Cochabamba,Caico - D9,4 4258030,-17.451919,-66.231451,web
64,Cochabamba,Alimentos,Mercado movil-GAM Cochabamba,Cobol - D9,4 4258030,-17.492215,-66.16141,web
65,Cochabamba,Alimentos,Mercado movil-GAM Cochabamba,Villa Israel - D9,4 4258030,-17.494817,-66.177233,web
66,Cochabamba,Alimentos,Mercado movil-GAM Cochabamba,Pucara - D9,4 4258030,-17.458082,-66.202617,web
67,Cochabamba,Alimentos,Mercado movil-GAM Cochabamba,Villa Rosario - D9,4 4258030,-17.468847,-66.125691,web
68,Cochabamba,Alimentos,Mercado movil-GAM Cochabamba,Pucarita Chica Urb - D9,4 4258030,-17.441523,-66.20086,web
69,Cochabamba,Alimentos,Mercado movil-GAM Cochabamba,Lomas de Panamericana - D9,4 4258030,-17.500668,-66.177972,web
70,La Paz,Alimentos,Mercado movil-GAM La Paz,Plan Autopista,NA,-16.458834,-68.147223,web
71,La Paz,Alimentos,Mercado movil-GAM La Paz,Santiago de Lacaya,NA,-16.470522,-68.129277,web
72,La Paz,Alimentos,Mercado movil-GAM La Paz,"Rosasani, parque",NA,-16.468492,-68.123724,web
73,La Paz,Alimentos,Mercado movil-GAM La Paz,Av. Francisco Bedregal rotonda Emaverde,NA,-16.520143,-68.1254,web
74,La Paz,Alimentos,Mercado movil-GAM La Paz,"Av. Mario Mercado, Llojeta",NA,-16.52661,-68.126677,web
75,La Paz,Alimentos,Mercado movil-GAM La Paz,"Av. 9 de abril, pasarela, final Villamil de Rada",NA,-16.507097,-68.152337,web
76,La Paz,Alimentos,Mercado movil-GAM La Paz,Condores Lakota / Lomas del Sur / Huantaqui,NA,-16.530104,-68.057658,web
77,La Paz,Alimentos,Mercado movil-GAM La Paz,Chijipata,NA,-16.545331,-68.045255,web
78,La Paz,Alimentos,Mercado movil-GAM La Paz,Rosales de Achumani,NA,-16.513816,-68.052997,web
79,La Paz,Alimentos,Mercado movil-GAM La Paz,"Cancha zona 24 de junio ""A"", calle 24 de junio",NA,-16.480262,-68.113634,web
80,La Paz,Alimentos,Mercado movil-GAM La Paz,"Cosmos 85, parada Pumakatari, zona Villa Salome",NA,-16.485179,-68.093155,web
81,La Paz,Alimentos,Mercado movil-GAM La Paz,Zona Kupini,NA,-16.510534,-68.099247,web
82,La Paz,Alimentos,Mercado movil-GAM La Paz,"Av. Valle de la Luna, altura banderas",NA,-16.56676,-68.093453,web
83,La Paz,Alimentos,Mercado movil-GAM La Paz,"Av. Tricentenario, calle 5 de la zona de Jupapina",NA,-16.59173,-68.073074,web
84,La Paz,Alimentos,Mercado movil-GAM La Paz,Av. Hernan Siles - Mallasa,NA,-16.559257,-68.094054,web
85,La Paz,Alimentos,Mercado movil-GAM La Paz,Plaza Bolivia,NA,-16.507011,-68.126557,web
86,La Paz,Alimentos,Mercado movil-GAM La Paz,Calle Jaimes y Mariaca,NA,-16.504719,-68.117239,web
87,La Paz,Alimentos,Mercado movil-GAM La Paz,Plaza Uyuni,NA,-16.496938,-68.124284,web
88,La Paz,Alimentos,Mercado movil-GAM La Paz,Zona Sagrado Corazon,NA,-16.50053,-68.153006,web
89,La Paz,Alimentos,Mercado movil-GAM La Paz,"Zona Wakathaki, colegio Filadelfia",NA,-16.500101,-68.161168,web
90,La Paz,Alimentos,Mercado movil-GAM La Paz,Ciudadela Caja Ferroviaria,NA,-16.488718,-68.143275,web
91,Santa Cruz,Alimentos,Mercado movil-GAM Santa Cruz,Barrio Guaracal (Parque urbano),NA,-17.817747,-63.173147,web
92,Santa Cruz,Alimentos,Mercado movil-GAM La Paz,Barrio Guarachi-Rotonda,NA,-17.781787,-63.145049,web
93,Santa Cruz,Alimentos,Mercado movil-GAM Santa Cruz,Barrio 21 de Enero-Cancha,NA,-17.776433,-63.134799,web
94,Santa Cruz,Alimentos,Mercado movil-GAM La Paz,Urbanización Clara Serrano,NA,-17.686077,-63.070053,web
95,Santa Cruz,Alimentos,Mercado movil-GAM Santa Cruz,Barrio Las Misiones-Plaza del barrio,NA,-17.834344,-63.193398,web
96,Santa Cruz,Alimentos,Mercado movil-GAM La Paz,Centro Educativo Caritas - Barrio Yabog - Barrio El Deber,NA,-17.83918,-63.185724,web
97,Santa Cruz,Alimentos,Mercado movil-GAM Santa Cruz,Barrio España - Frente a la capilla,NA,-17.775866,-63.117687,web
98,Santa Cruz,Alimentos,Mercado movil-GAM La Paz,"Av. Miguel de Cervantes, octavo anillo",NA,-17.851037,-63.198303,web
99,Santa Cruz,Alimentos,Mercado movil-GAM Santa Cruz,Barrio La Colorada - Cancha 16 de noviembre,NA,-17.850836,-63.194392,web
100,Santa Cruz,Alimentos,Mercado movil-GAM La Paz,Barrio El Trigal - Plaza del barrio,NA,-17.860254,-63.213271,web
101,Santa Cruz,Alimentos,Mercado movil-GAM Santa Cruz,Comunidad Usuri y zonas aledañas,NA,-17.88118,-62.941722,web
102,Santa Cruz,Alimentos,Mercado movil-GAM Santa Cruz,Plaza La Costanera,NA,-17.757712,-63.201073,web
103,Santa Cruz,Alimentos,Mercado movil-GAM Santa Cruz,Plaza los Mangales,NA,-17.818435,-63.130803,web
104,Santa Cruz,Alimentos,Mercado movil-GAM Santa Cruz,Sub alcaldia Distrito 1,NA,-17.770796,-63.201782,web
105,Santa Cruz,Alimentos,Mercado movil-GAM Santa Cruz,Unidad Educativa Las Porras,NA,-17.7968,-63.222009,web
106,Santa Cruz,Alimentos,Mercado movil-GAM Santa Cruz,Lagua Guapilo Barrio Junin UV 263,NA,-17.780884,-63.098498,web
107,Santa Cruz,Alimentos,Mercado movil-GAM Santa Cruz,Condominio Borguese 262-264,NA,-17.781715,-63.090259,web
108,Santa Cruz,Alimentos,Mercado movil-GAM Santa Cruz,Kerana,NA,-17.769912,-63.134514,web
109,Santa Cruz,Alimentos,Mercado movil-GAM Santa Cruz,La Casona,NA,NA,NA,web
110,Santa Cruz,Alimentos,Mercado movil-GAM Santa Cruz,Amaranto,NA,NA,NA,web
111,Santa Cruz,Alimentos,Mercado movil-GAM Santa Cruz,Parque Acuatico,NA,NA,NA,web
112,Santa Cruz,Alimentos,Mercado movil-GAM Santa Cruz,Barrio Taparruete 278,NA,NA,NA,web
113,Santa Cruz,Alimentos,Mercado movil-GAM Santa Cruz,Ciudad del Este UV 270,NA,NA,NA,web
114,Santa Cruz,Alimentos,Mercado movil-GAM Santa Cruz,Urbanización Punta Rena - Modulo Juancito Pinto,NA,-17.842421,-63.085481,web
115,Santa Cruz,Alimentos,Mercado movil-GAM Santa Cruz,Urbanización El Quior - Plaza Principal,NA,-17.847212,-63.08797,web
116,Santa Cruz,Alimentos,Mercado movil-GAM Santa Cruz,Barrio 15 de Enero - Cancha 15 de enero,NA,NA,NA,web
117,Santa Cruz,Alimentos,Mercado movil-GAM Santa Cruz,Barrio Paraiso,NA,NA,NA,web
118,Santa Cruz,Alimentos,Mercado movil-GAM Santa Cruz,Señor de los milagros Km. 9,NA,NA,NA,web
119,Santa Cruz,Alimentos,Mercado movil-GAM Santa Cruz,Barrio Totaitu Mirador,NA,-17.706295,-63.164682,web
120,Santa Cruz,Alimentos,Mercado movil-GAM Santa Cruz,Barrio Los Sauces,NA,-17.729157,-63.144493,web
121,Santa Cruz,Alimentos,Mercado movil-GAM Santa Cruz,Barrio Villa Carmela,NA,-17.729387,-63.175957,web
122,Santa Cruz,Alimentos,Mercado movil-GAM Santa Cruz,Barrio 24 de Septiembre,NA,-17.750875,-63.186746,web
123,Santa Cruz,Alimentos,Mercado movil-GAM Santa Cruz,Barrio Bella Vista,NA,NA,NA,web
124,Santa Cruz,Alimentos,Mercado movil-GAM Santa Cruz,Barrio 16 de Noviembre,NA,-17.824594,-63.178732,web
125,Santa Cruz,Alimentos,Mercado movil-GAM Santa Cruz,Barrio La Esperanza,NA,NA,NA,web
126,Santa Cruz,Alimentos,Mercado movil-GAM Santa Cruz,Barrio Los Pinos,NA,NA,NA,web
127,Santa Cruz,Alimentos,Mercado movil-GAM Santa Cruz,Barrio 15 de Octubre,NA,NA,NA,web
128,Santa Cruz,Alimentos,Mercado movil-GAM Santa Cruz,"Zona de Condominio Sevilla (1 y 2, Los Bosques, Pinatar)",NA,-17.688018,-63.1509,web
129,Santa Cruz,Alimentos,Mercado movil-GAM Santa Cruz,Fontana Rivera 1 y 2 - Valle Cartago,NA,-17.690648,-63.137244,web
130,Oruro,Alimentos,Mercado movil-GAM Oruro,"Desde Casco del Minero hasta Urb. Aurora, Dora Halker, Cristo Salvador, Los Olivos",NA,-17.92715,-67.118428,web
131,Oruro,Alimentos,Mercado movil-GAM Oruro,"Rieles, Urb. Milenium, Pampitas y Urb. aledañas",NA,-17.92503,-67.111083,web
132,Oruro,Alimentos,Mercado movil-GAM Oruro,"Villa Dorina, Huajara, Camino a Capachos",NA,-17.933731,-67.090892,web
133,Oruro,Alimentos,Mercado movil-GAM Oruro,"Luis Espinal, Urb. Paraíso y Urb. aledañas",NA,-17.946841,-67.070336,web
134,Oruro,Alimentos,Mercado movil-GAM Oruro,"9 de Junio, Urb. Paraíso I y II, 15 de julio y aledañas",NA,-18.001566,-67.107581,web
135,La Paz,Alimentos,Fridosa,NA,65073070-70811426,NA,NA,web
136,La Paz,Alimentos,Carne cerrada al vacio,NA,75888507-60115517,NA,NA,web
137,Cochabamba,Alimentos,Carla Mamani,NA,77938392,NA,NA,web
138,Cochabamba,Alimentos,Agua Rica,NA,70719564,NA,NA,web
139,La Paz,Alimentos,OSFIM,NA,75800080,NA,NA,web
140,La Paz,Alimentos,Mercasa,NA,76231713 - 69939108 - 79577770,NA,NA,web
141,La Paz,Alimentos,Agua La Montaña,NA,2770777 - 2124847 - 67109994,NA,NA,web
142,La Paz,Alimentos,Botimbo,NA,62441000,NA,NA,web
143,La Paz,Alimentos,Delizia,NA,78988113 -76596444,NA,NA,web
144,La Paz,Alimentos,Delizia,NA,69720522 - 78988064,NA,NA,web
145,Cochabamba,Alimentos,Delizia,NA,76760432 - 69801121,NA,NA,web
146,Santa Cruz,Alimentos,Delizia,NA,75852322 - 75005455,NA,NA,web
147,La Paz,Alimentos,Cosas Ricas,NA,76759797,NA,NA,web
148,La Paz,Alimentos,Sofía,NA,78445000,NA,NA,web
149,La Paz,Alimentos,Fridosa,NA,79678258,NA,NA,web
150,La Paz,Alimentos,Imba,NA,61224816,NA,NA,web
151,La Paz,Alimentos,Imba,NA,75246197,NA,NA,web
152,La Paz,Alimentos,Rio Costa,NA,22774618 - 70120091,NA,NA,web
153,La Paz,Alimentos,Stege,NA,2850070 - 70118765 - 70193043,NA,NA,web
154,La Paz,Alimentos,Torito,NA,2850070 - 70118765 - 70193043,NA,NA,web
155,Chuquisaca,Alimentos,Oqharikuna,Tarapaca No. 59,6460221,NA,NA,web
156,Cochabamba,Alimentos,Pollito Rico,NA,68582392 - 71790762 - 4381596,NA,NA,web
157,Cochabamba,Alimentos,VerduExpress,NA,60745157 - 4223444,NA,NA,web
158,Cochabamba,Alimentos,NA,NA,60738726,NA,NA,web
159,Cochabamba,Alimentos,DAADSMARKET,NA,69418282 - 69418222,NA,NA,web
160,Cochabamba,Alimentos,Carnes A costo,NA,77442620,NA,NA,web
161,Cochabamba,Alimentos,NA,NA,75992239,NA,NA,web
162,Cochabamba,Alimentos,NA,NA,72776916 - 69413053,NA,NA,web
163,La Paz,Alimentos,Delizia,Condominio Alemán y Los Girasoles,NA,NA,NA,web
164,La Paz,Alimentos,Delizia,"Hipermaxi calle 31, Claveles",NA,-16.51926,-68.062403,web
165,La Paz,Alimentos,Delizia,"Meseta de Achumani, Condominio Jacaranda",NA,-16.530628,-68.051799,web
166,La Paz,Alimentos,Delizia,"Los Álamos, IV Centenario",NA,NA,NA,web
167,La Paz,Alimentos,Delizia,Ex Fábrica SAID,NA,-16.485263,-68.148998,web
168,La Paz,Alimentos,Delizia,Porvenir,NA,-16.536546,-68.071711,web
169,La Paz,Alimentos,Delizia,Plaza Principal,NA,-16.4999,-68.090578,web
170,La Paz,Alimentos,Delizia,Sector Las Nieves,NA,-16.516515,-68.083866,web
171,La Paz,Alimentos,Delizia,Puente Koani,NA,-16.536488,-68.081058,web
172,Cochabamba,Alimentos,Productos PIL,NA,72208203,NA,NA,web
173,Cochabamba,Alimentos,Delizia,NA,76760432-69801121,NA,NA,web
174,Cochabamba,Alimentos,Quesería Julia,NA,67559916-72262162,NA,NA,web
175,Cochabamba,Alimentos,Avicola Rolon,NA,79968649,NA,NA,web
176,Cochabamba,Alimentos,Verduras 36,NA,79790490,NA,NA,web
177,Cochabamba,Alimentos,Daadsmarket,NA,69418282,NA,NA,web
178,Cochabamba,Alimentos,Verdu Express,NA,60745157,NA,NA,web
179,Cochabamba,Alimentos,Eco Kawsay,NA,72219761-73772138,NA,NA,web
180,Cochabamba,Alimentos,Camion verdura,NA,71758486-76460289,NA,NA,web
181,Cochabamba,Alimentos,Camion,NA,69455988,NA,NA,web
182,Cochabamba,Alimentos,La Case,NA,67555737,NA,NA,web
183,Cochabamba,Alimentos,Shopping onlin,NA,61592695-60791611,NA,NA,web
184,Cochabamba,Alimentos,GranOro,NA,70761913-4450293,NA,NA,web
185,Cochabamba,Alimentos,Pollito Rico,NA,68582392-71790762,NA,NA,web
186,Cochabamba,Alimentos,Imba,NA,74162391,NA,NA,web
187,Cochabamba,Alimentos,Avicultores,NA,65346313-78307145,NA,NA,web
188,Cochabamba,Alimentos,Vito Rivera,NA,67402933-72208171,NA,NA,web
189,Cochabamba,Alimentos,Hoy Cerdo,NA,75973212,NA,NA,web
190,Cochabamba,Alimentos,Granja,NA,71747451,NA,NA,web
191,Cochabamba,Alimentos,Nelore Carnes,NA,70746781,NA,NA,web
192,Cochabamba,Alimentos,Carnes a costo,NA,77442620,NA,NA,web
193,Cochabamba,Alimentos,Zelada,NA,60395008-60705004,NA,NA,web
194,Cochabamba,Agua,Agua Rica,NA,4244721-4430410,NA,NA,web
195,Cochabamba,Agua,natureza,NA,70700891,NA,NA,web
196,Cochabamba,Agua,Eco Pura,NA,72748678,NA,NA,web
197,Cochabamba,Alimentos,Favi Hogar,NA,65746512,NA,NA,web
198,Cochabamba,Alimentos,Jarto 100 Bs,NA,75488446,NA,NA,web
199,Cochabamba,Alimentos,Mayor a 150 Bs,NA,69063762,NA,NA,web
200,Cochabamba,Alimentos,Tosi Bolivia,NA,65739444,NA,NA,web
201,Cochabamba,Alimentos,Se lo llevo,NA,69424447,NA,NA,web
202,Cochabamba,Alimentos,Comida rapida,NA,79969727,NA,NA,web
203,Cochabamba,Alimentos,Cowork Café,NA,4234200,NA,NA,web
204,Cochabamba,Alimentos,Compromax,NA,75996900,NA,NA,web
205,La Paz,Alimentos,Personas Encerradas pero Solidarias,"calle 13, complejo strongest",78896500 - 77268029,NA,NA,web
206,La Paz,Alimentos,Personas Encerradas pero Solidarias,colegio pedro poveda,79454215,-16.51036,-68.112718,web
207,La Paz,Alimentos,Personas Encerradas pero Solidarias,rotonda,75859725,NA,NA,web
208,La Paz,Alimentos,Personas Encerradas pero Solidarias,cotel entrada a achumani,63079099,NA,NA,web
209,La Paz,Alimentos,Personas Encerradas pero Solidarias,"calle 33, av retamas c. 33",70545686 - 76708748,-16.543788,-68.059585,web
210,La Paz,Alimentos,Personas Encerradas pero Solidarias,Calle 25B,75859725,-16.543162,-68.070743,web
211,La Paz,Alimentos,Personas Encerradas pero Solidarias,urbanizacion marisol,70136280,NA,NA,web
212,La Paz,Alimentos,Personas Encerradas pero Solidarias,"entre iturralde y haiti, calle cuba hipermaxi",70575736 - 77737939,NA,NA,web
213,La Paz,Alimentos,Personas Encerradas pero Solidarias,calle 13,77292261 - 60570851,NA,NA,web
214,La Paz,Alimentos,Personas Encerradas pero Solidarias,Plaza Ergueta,75837739,-16.494775,-68.100551,web
215,La Paz,Alimentos,Personas Encerradas pero Solidarias,Teatro al Aire Libre,77268652,-16.503562,-68.127773,web
216,La Paz,Alimentos,Personas Encerradas pero Solidarias,Sindicato Simon Bolivar,78835331,-16.497921,-68.10884,web
217,La Paz,Alimentos,Personas Encerradas pero Solidarias,Plaza Adela Zamudio,77504019 - 60559536,-16.517934,-68.129311,web
218,La Paz,Alimentos,Personas Encerradas pero Solidarias,parada 3 viejas,77233997,NA,NA,web
219,Santa Cruz,Alimentos,Ciudadanos en acción,calle libertad entre buenos aires y seoane nro. 349,77053808,NA,NA,web
220,Santa Cruz,Alimentos,Ciudadanos en acción,av. el mechero  calle 2,60099484,-17.826331,-63.130843,web
221,Santa Cruz,Alimentos,Ciudadanos en acción,"8vo anillo, avenida moscu, calle juan",60809417,NA,NA,web
222,Santa Cruz,Alimentos,Ciudadanos en acción,"6to anillo, barrio españa, uv. 53, calle madrid",77366860,NA,NA,web
223,Santa Cruz,Alimentos,Ciudadanos en acción,"avenida 16 de julio y 3 pasos al frente, exactamente en el surtidor dicor",77396446,-17.802087,-63.127853,web
224,Cochabamba,Alimentos,Mercado movil-GAM Cochabamba,Av. América esq. Av. Beijing,4 4258030,-17.3714,-66.180215,web
225,Cochabamba,Alimentos,Mercado movil-GAM Cochabamba,Av. Juan de la Rosa esq. Av. Beijing,4 4258030,-17.374568,-66.180773,web
226,Cochabamba,Alimentos,Mercado movil-GAM Cochabamba,Av. América esq. Av. Thunupa,4 4258030,-17.370928,-66.188581,web
227,Cochabamba,Alimentos,Mercado movil-GAM Cochabamba,Av. Thunupa esq. Av. Villa Vicencio,4 4258030,-17.379503,-66.188414,web
228,Cochabamba,Alimentos,Mercado movil-GAM Cochabamba,Av. Villa Vicencio esq. Av. Dorbigni,4 4258030,-17.385931,-66.185935,web
229,Cochabamba,Alimentos,Mercado movil-GAM Cochabamba,Av. Tadeo Haenke esq. Av. Beijing,4 4258030,-17.383027,-66.181772,web
230,Cochabamba,Alimentos,Mercado movil-GAM Cochabamba,Av. Beijing esq. calle Apurimak,4 4258030,-17.378819,-66.181347,web
231,Cochabamba,Alimentos,Mercado movil-GAM Cochabamba,Av. Thunupa esq. calle Yuracaré,4 4258030,-17.374128,-66.187221,web
232,Cochabamba,Alimentos,Mercado movil-GAM Cochabamba,Calle Chipaya esq. Apurimak,4 4258030,-17.378487,-66.185751,web
233,Cochabamba,Alimentos,Mercado movil-GAM Cochabamba,Av. Villa Vicencio esq. calle Luis Zegarra,4 4258030,-17.376146,-66.192446,web
234,Cochabamba,Alimentos,Mercado movil-GAM Colcapirhua,Kanaudt,NA,-17.376629,-66.215999,web
235,Cochabamba,Alimentos,Mercado movil-GAM Colcapirhua,Urbanizacion La Paz,NA,-17.399556,-66.221412,web
236,Cochabamba,Alimentos,Mercado movil-GAM Colcapirhua,ELFEC y Cucardas,NA,-17.405482,-66.221721,web
237,Cochabamba,Alimentos,Mercado movil-GAM Colcapirhua,Lirios del Sur,NA,NA,NA,web
238,Cochabamba,Alimentos,Mercado movil-GAM Colcapirhua,Santa Rosa Central,NA,-17.39193,-66.221381,web
239,Cochabamba,Alimentos,Mercado movil-GAM Colcapirhua,Elizabeth Seton,NA,-17.395461,-66.20841,web
240,Cochabamba,Alimentos,Mercado movil-GAM Colcapirhua,Oasys,NA,-17.39237,-66.212549,web
241,Cochabamba,Alimentos,Mercado movil-GAM Colcapirhua,Libertador Bolivar,NA,-17.393291,-66.236219,web
242,Cochabamba,Alimentos,Mercado movil-GAM Colcapirhua,Sumumpaya central,NA,-17.39374,-66.230906,web
243,Cochabamba,Alimentos,Mercado movil-GAM Colcapirhua,Senac,NA,-17.384059,-66.229198,web
244,Cochabamba,Alimentos,Mercado movil-GAM Colcapirhua,Emergencia Norte,NA,NA,NA,web
245,Cochabamba,Alimentos,Mercado movil-GAM Colcapirhua,21 de Septiembre,NA,-17.398154,-66.249711,web
246,Cochabamba,Alimentos,Mercado movil-GAM Colcapirhua,Colcapirhua Sud,NA,-17.393669,-66.242884,web
247,Cochabamba,Alimentos,Mercado movil-GAM Colcapirhua,Calamina,NA,NA,NA,web
248,Cochabamba,Alimentos,Mercado movil-GAM Colcapirhua,Sindicato Agrario Esquilan Grande,NA,-17.409106,-66.244881,web
249,Cochabamba,Alimentos,Bolivia´s Fruit Ltda,"Calle Angélica Ascuí #500, Zona Mayorazgo","44509024 -
69477833",NA,NA,web
250,Cochabamba,Alimentos,PiccaDely,Pasaje Márquez #33,"4065206 -
72706252",NA,NA,web
251,Cochabamba,Alimentos,Daxen vital,Puntiti calle s/n cond. horizonte,"60771999 -
60771999",NA,NA,web
252,Cochabamba,Alimentos,GALLETOSAS,Calle Chipaya Nro 1760 Cond Palermo 1 Casa 5,"4420030 -
70342248",NA,NA,web
253,Cochabamba,Alimentos,Frutas,Av. Decima y calle8( altura km6 a sacaba),"72272646 -
72701462",NA,NA,web
254,Cochabamba,Alimentos,Hernan Molina Huanca,Zona sud. Barrio Don Bosco pasaje Buena Ventura.,"63992606 -
71419185",NA,NA,web
255,Cochabamba,Alimentos,ANTONIO LOPEZ RODRIGUEZ,Calle Bolivar entre Ayacucho y Colon - Sacaba,"4708052 -
72651661",NA,NA,web
256,Cochabamba,Alimentos,Automercados SRL,Av. América esq. Eudoro Galindo,"4287811 -
70377717",NA,NA,web
257,Cochabamba,Alimentos,Granja Ecologica Polen y Cerveca Artesanal Legria,Calle lindero s/n apote,"68514088 -
68514088",NA,NA,web
258,Cochabamba,Alimentos,Salteñitas,Calla Villarroel N20 Pacata Baja,"79340103 -
79340103",NA,NA,web
259,Cochabamba,Alimentos,PROCESADORA ANDIna DE PAPA S.R.L.,Av Hernan Cosio #111,"4319131 -
77448600",NA,NA,web
260,Cochabamba,Alimentos,Micromercado SLA,Av. America Esq. Calle Tarija,"4283779 - 69448010 -
72220717",NA,NA,web
261,Cochabamba,Alimentos,DHISMAR ROMERO,C. Camilo Torres entre Lutherking y Derechos Humanos,"4763095 -
67572587",NA,NA,web
262,Cochabamba,Alimentos,Karina Huanca,Av. Perú,"71433507 -
71433507",NA,NA,web
263,Cochabamba,Alimentos,AlquimiA,C/ La Merced 1668,"77933315 -
77933315",NA,NA,web
264,Cochabamba,Alimentos,Kalo's restaurante,Agustín López #1034 entre punata y Tarata,"4554291 -
60776470",NA,NA,web
265,Cochabamba,Alimentos,INDABOL S.R.L.,AV. CAPITÁN VICTOR USTARIZ # 3695 ZOna BILLA BUSCH,"4141149 -
74162464",NA,NA,web
266,Cochabamba,Alimentos,Tropical Chicken,Av. Melchor Urquidi entre Av. America y Calle Buenos Aires,"76400393 -
76400393",NA,NA,web
267,Cochabamba,Alimentos,Organic Club,Av. America esq Juan de La Rosa,"75958772 -
75958772",NA,NA,web
268,Cochabamba,Alimentos,Raíz Alfajores Artesanales,C. Chipaya casi Av. América oeste,"4422356 -
73788840",NA,NA,web
269,Cochabamba,Alimentos,DULCE PASTEL,"Av. B. Galindo km 3,5","4020141 -
70775979",NA,NA,web
270,Cochabamba,Alimentos,Marquez de la Viña Gourmet,Calle Aniceto Padilla No 530 entre Plaza de Recoleta y Potosí,"4260587 -
70727879",NA,NA,web
271,Cochabamba,Alimentos,Industrias Meylin,C. Niceto ROdriguez nro.418,"4421109-4018340 -
76405692",NA,NA,web
272,Cochabamba,Alimentos,WM&C SRL,"Av. Andina Esq. 21 Enero, Zona Sumumpaya Norte","4510508 - 4223372 -
72201952",NA,NA,web
273,Cochabamba,Alimentos,RIKINIS - ALIMENTOS naTURALES,"Sacaba Calle Sucre #0283, entre calles Independencia y Perú","74351188 -
79347994",NA,NA,web
274,Cochabamba,Alimentos,Enjoy Life,Calle bibosi,"4799067 -
79711152",NA,NA,web
275,Cochabamba,Alimentos,Apícola JH productos y servicios,"Tiquipaya, c/ Cochabamba y Sucre","72403133 -
68382493",NA,NA,web
276,Cochabamba,Alimentos,BloCQ Panaderia Artesanal,"A.Villavicencio, Cochabamba, Bolivia","4799722-69497888 -
75947671",NA,NA,web
277,Cochabamba,Alimentos,GLENDCY,Km.12 sud Urbanización Urkupiña,"69529294 -
69529294",NA,NA,web
278,Cochabamba,Alimentos,ACERLIFE,Av.Blanco Galindo Km 4 1/2,"68582875 -
70730170",NA,NA,web
279,Cochabamba,Alimentos,Coronilla S.A.,Av. Villazon N 3847,"4717193 -
77999168",NA,NA,web
280,Cochabamba,Alimentos,Gran Quncha,Calle Chacarera esq Chovena,"4226242 -
69433434",NA,NA,web
281,Cochabamba,Alimentos,Panadería Zahína,Av. Perú lado mercado Ingavi.,"4282542 -
79969623",NA,NA,web
282,Cochabamba,Alimentos,Cepas de Camargo,Av Circunvalación Pacata baja,"62609029 -
62609029",NA,NA,web
283,Cochabamba,Alimentos,Daadsmarket,Melchor urquidi,"69418282 -
69418224",NA,NA,web
284,Cochabamba,Alimentos,CAOS SRL,"Pje Innominado, colcapirhua","76455328 -
76455328",NA,NA,web
285,Cochabamba,Alimentos,Frutijugo,Calle Kapac Yupanqui # 2417,"70345915 -
70345915",NA,NA,web
286,Cochabamba,Alimentos,Proveedora de Alimentos Tu Amigo Pil,Avenida 6 de Agosto # 529 entre Av. Del Cabildo y C/ General Diaz Zona Jaihuayco,"65660068 -
70650286",NA,NA,web
287,Cochabamba,Alimentos,Masa Madre - Panadería Artesanal,Calle Chimpu Ojjllu # 1549 (Paralela a la Simon Lopez),"70767370 -
79751390",NA,NA,web
288,Cochabamba,Alimentos,Llajteña,"Av. Chapare kilómetro 3, frente a la urb. El castillo","75485748 -
75485748",NA,NA,web
289,Cochabamba,Alimentos,Empresa Productora de Bebidas y Alimentos BENDATI,C/Homer 3663,"4470459 -
76960267",NA,NA,web
290,Cochabamba,Alimentos,"JR Distribución, distribución de alimentos y bebidas",Av. Circunvalación y Av. Pachacutek,"76442760 -
76442760",NA,NA,web
291,Cochabamba,Alimentos,EcoPura,Teniente Arevalo 116,"4527932 -
72748678",NA,NA,web
292,Cochabamba,Alimentos,Productos Ecológicos naturaleza S.A (Frutte),Calle Melchor Urquidi entre Ciclovia y América. a media cuadra del sombrero de chola,"65360900 -
65172111",NA,NA,web
293,Cochabamba,Alimentos,BRASA VIVA STEAK HOUSE,Av. Melchor Urquide 1314 lojia 14 entre Av. América y Calle Buenos Aires.,"67429955 -
67429955",NA,NA,web
294,Cochabamba,Alimentos,BOLHISPANIA S.A.,Federico Blanco 831 entre Oquendo y 16 de Julio,"4 4563011 -
63909202",NA,NA,web
295,Cochabamba,Alimentos,Frigourmeat,Daniel Campos n 21,"44282519 -
77457749",NA,NA,web
296,Cochabamba,Alimentos,Avícola Jars,Av Blanco Galindo Km 9.8,"4262355 -
72284743",NA,NA,web
297,Cochabamba,Alimentos,Productos pipetua,Calle Calixto peñaloza zona cementerio quillacollo,"4305156 -
77426064",NA,NA,web
298,Cochabamba,Alimentos,Agua de mesa Fresca,Av. Gabriel Rene Moreno 1040,"4793131 -
67498333",NA,NA,web
299,Cochabamba,Alimentos,Gate Gourmet Catering Bolivia S.A.,Calle teniente monasterios S/N,"79799919 -
79799919",NA,NA,web
300,Cochabamba,Alimentos,Delia Vasquez,Sacaba -Huayllani,"67409940 -
67409940",NA,NA,web
301,Cochabamba,Alimentos,SaWaLife srl,William Shakespeare esq. Jack london,"73793491 -
73793491",NA,NA,web
302,Cochabamba,Alimentos,GRUPO INDUSTRIAL SAXSAY,calle kollasuyu # 283 zona cala cala,"4790401 -
77215394",NA,NA,web
303,Cochabamba,Alimentos,Vinoteca V&P,Potosi1455,"77491038 -
77491038",NA,NA,web
304,Cochabamba,Alimentos,FitBar #PowerFIT,"Antezana # 945, entre Ramon Rivero y Oruro","4401174 -
76909940",NA,NA,web
305,Cochabamba,Alimentos,"Productos Ecologicos naturaleza S.A ""FRUTTE""",Calle Melchor Urquidi entre Ciclovia y América. a media cuadra del sombrero de chola,"65360900 -
65172111",NA,NA,web
306,Cochabamba,Alimentos,Authentic Light,Pacata Alta - Barrio 10 de Diciembre,"77499069 -
77499069",NA,NA,web
307,Cochabamba,Alimentos,"""La Escarola"" fast-good",Parque Lincoln y calle Illapa,"79729991 -
79729991",NA,NA,web
308,Cochabamba,Alimentos,Procesadora de Alimentos Valpergutor S.R.L.,Calle Runasimi 2113,"4242188 -
72222923",NA,NA,web
309,Cochabamba,Alimentos,Auto///Market,Calle Buenos Aires # 5,"75480090 -
75480090",NA,NA,web
310,Cochabamba,Alimentos,Karin López,Av. aroma 838 entre c. 16 de Julio y Av. Oquendo.,"4558406 -
70769100",NA,NA,web
311,Cochabamba,Alimentos,Carolina Bustamante Vargas,Calle Juan Capriles S/N casi Pantaleón Dalence,"4252152 -
69451001",NA,NA,web
312,Cochabamba,Alimentos,Niawa Alimentos,Su sano Azogue 2960,"75466211 -
70712661",NA,NA,web
313,Cochabamba,Alimentos,AGUA Y HIELO CHACALTAYA,J.A. RICO TORO N° 871 PANDO Y MELCHOR URQUIDI,"4200434 - 4123456 - 4243434 -
70718084",NA,NA,web
314,Cochabamba,Alimentos,De La Selva LTDA,"Carretera a sacaba km 3,5","4719923 -
71733666",NA,NA,web
315,Cochabamba,Alimentos,Dulces Momentos JaDaSha,Camino a Sacaba km 7.5 sobre la circunvalación y calle sarao,"76464237 -
76464237",NA,NA,web
316,Cochabamba,Alimentos,"DISTRIBUIDORA DE POLLOS ""RTR""",C/Gardenias #111,"75007329 -
75007329",NA,NA,web
317,Cochabamba,Alimentos,Goodman Friendly Market,Calle Tomás Frias y Pedro Blanco. En plena esquina.,"78365315 -
77956151",NA,NA,web
318,Cochabamba,Alimentos,Pastas Todo Listo,"España 491, casi Mexico","4224150 -
72717338",NA,NA,web
319,Cochabamba,Alimentos,GRUPO INDUSTRIAL SAXSAY,calle kollasuyu # 283 zona cala cala,"4790401 -
77215394",NA,NA,web
320,Cochabamba,Alimentos,Industria Alimenticia Lazzo,c. José Quintín Mendoza 1668. Entre Lucas Mendoza y Alcides Arguedas,"4281112 -
67400164",NA,NA,web
321,Cochabamba,Alimentos,Chocolates Baure y El Ceibo Cochabamba,Av. Ayacucho 282 casi eq. Santivañez,"4234981 -
72205089",NA,NA,web
322,Cochabamba,Alimentos,Frutas & Verduras,Av circunvalación y calle Sumaj Llajta,"4883108 -
76457624",NA,NA,web
323,Cochabamba,Alimentos,INDUSTRIAS AQUACORP,Calle Chicopaya s/n Zona sud,"4245055 -
78360300",NA,NA,web
324,Cochabamba,Alimentos,Rocío Rodríguez amurrio,Avenida circunvalación esquina Sumaj llajta,"4883108 -
76414593",NA,NA,web
325,Cochabamba,Alimentos,Provlop,Av. Vllazon km 3 sobre la avenida Chapare esquina Perú. Plena esquina,"69444399 -
69444399",NA,NA,web
326,Cochabamba,Alimentos,Aydee Gabriela Villca Huayta,Calle PunataN74,"77435934 -
77435934",NA,NA,web
327,Cochabamba,Alimentos,Jose Ramiro Nogales Flores Agua Vertiente,Calle Buganvilias 1479 sauces y palmeras,"4797733 - 34 -35 72225561 -
72745363",NA,NA,web
328,Cochabamba,Alimentos,Agencia de lácteos cruce taquiñ,Avenida Simón López y cruce taquiña,"65506690 -
65506690",NA,NA,web
329,Cochabamba,Alimentos,Agua purificada de mesa las nubes,Av. Innominada s/n esq. Innominada,"79794407 -
79794407",NA,NA,web
330,Cochabamba,Alimentos,Agua Purificada Génesis,Av. República # 825 zona central Sud,"4553463 -
76454066",NA,NA,web
331,Cochabamba,Alimentos,INBOLCER SRL,Av. Andina s/n esquina Av. 21 de enero,"4223372 -
72201952",NA,NA,web
332,Cochabamba,Alimentos,natural Life,Quillacollo zona central,"70343918 -
70343917",NA,NA,web
333,Cochabamba,Alimentos,Activa tu Sistema inmunológico,Urpi,"75957601 -
75957601",NA,NA,web
334,Cochabamba,Alimentos,Agua purificada de mesa Fresca,Av. Gabriel Rene Moreno 1040,"4793131 -
67498333",NA,NA,web
335,Cochabamba,Alimentos,CAPRA SRL,Calle En rique Salnas 521,"4540488 -
71721835",NA,NA,web
336,Cochabamba,Alimentos,Aguas del eden,Av. Teofilo vargas #759,"4405776 -
67425050",NA,NA,web
337,Cochabamba,Alimentos,Parlawi cafe & lab,Avenida peru 0460,"71428523 -
71428523",NA,NA,web
338,Cochabamba,Alimentos,Sra. Magui( frutera),Av. Decima y calle8( altura km6 a sacaba),"72272646 -
72701462",NA,NA,web
339,Cochabamba,Alimentos,Marcelo Castelo Quiroga,"Avenida Miguel Mercado, Vinto","4358638 -
79788568",NA,NA,web
340,Cochabamba,Alimentos,IMBA S.A.,AV. SEGUNDA SN ENTRE ARQUÍMEDES Y ALEXANDER FLEMING,"4434500 -
74162475",NA,NA,web
341,Cochabamba,Alimentos,Industria Boliviana de Cereales SRL,"Av. Andina S/N. Esq. 21 Enero, Zuna Sumumpaya Norte","4510508 - 4223372 -
61678665",NA,NA,web
342,Cochabamba,Alimentos,Dimadetar SRL,Av Blanco Galindo km 6,"4485043 -
75010187",NA,NA,web
343,Cochabamba,Alimentos,Aguas Del Nilo,c/Tocopilla Esq. Casto Rojas Nro 1401,"4433175 -
78329878",NA,NA,web
344,Cochabamba,Alimentos,Innovando Tecnologías,Junín 324,"+59167743837 -
67743837",NA,NA,web
345,Cochabamba,Alimentos,APAJ (ASOCIACION DE PRODUCTORES AGRICOLAS JUVENIL),Rio Blanco. Km 258 carretera Cochabamba- Santa Cruz,"67503790 -
67503790",NA,NA,web
346,Cochabamba,Alimentos,Jukur Alimentos,Calle Chimpu Ojjllu #1549 (Paralela a la Simon Lopez),"70767370 -
79751390",NA,NA,web
347,Cochabamba,Alimentos,Dxn Cochabamba,Calle Lanza entre Venezuela y Ecuador edificio ceflor#317,"44234409 -
77488838",NA,NA,web
348,Cochabamba,Alimentos,GRUPO DUO SRL / mandarina,"Av. Pando pasaje portales, entrando frente al Hupermall","4798613 -
77900019",NA,NA,web
349,Cochabamba,Alimentos,"Industria de alimentos piñami srl, productos VIGOR","Calle sucre #492, esq. Av. San Martín","44501017 -
76402354",NA,NA,web
350,Cochabamba,Alimentos,Criollita,c/ Pedro Blanco 351,"4242616 -
78311988",NA,NA,web
351,Cochabamba,Alimentos,Lácteos Moo,Rafael Méndez,"63827201 -
72708760",NA,NA,web
352,Cochabamba,Alimentos,"REFRIGERIOS&SnaCK'S ""MI DULZURA""",Pasaje La Tablada#1378 y Portales,"79957090 -
79957090",NA,NA,web
353,Cochabamba,Alimentos,Comercial lizvania,"República, antezana honduras","76452699 -
76452699",NA,NA,web
354,Cochabamba,Alimentos,CAPRESSO S.R.L.,Av. Salamanca 860,"79966266 -
79966266",NA,NA,web
355,Cochabamba,Alimentos,AQUAVIP,C.Camilo Torres s/n,"4763095 -
67572587",NA,NA,web
356,Cochabamba,Alimentos,Dxn vital,Calle Francisco Viedma #263,"60771999 -
70342954",NA,NA,web
357,Cochabamba,Alimentos,Helados FRAGOLA,"Av America O-989, casi Gabriel Rene Moreno y Manchaypuito","4121010 -
72235555",NA,NA,web
358,Cochabamba,Alimentos,Bolivian Beer Company - Cerveza Candelaria,Calle Julián de Los Ríos N°1948 - Zona Tupuraya,"69413000 -
69413000",NA,NA,web
359,Cochabamba,Alimentos,Agua Purificada Génesis,Av. República # 825,"4553463 -
76454066",NA,NA,web
360,Cochabamba,Alimentos,Apthapi,Juan capriles #170 entre Libertador Bolívar y tupac amaru,"67426557 -
67426557",NA,NA,web
361,Cochabamba,Alimentos,IOGO Yogurt Griego,Av. Heroínas 531casi Falsuri,"72220255 -
72150000",NA,NA,web
362,Cochabamba,Alimentos,Frial PigShop,Av. Melchor Pérez de Olguín 1084 entre parque ex combatientes casi pasaje zoológico,"4439045 -
70750787",NA,NA,web
363,Cochabamba,Alimentos,GRAN HOTEL COCHABAMBA,Plazuela Ubaldo Anze Recoleta,"4480520 -
77491416",NA,NA,web
364,Cochabamba,Alimentos,naTUREZA SRL,Pje. La Chaime #6,"4470476 4453531 -
70700891",NA,NA,web
365,Cochabamba,Alimentos,GENEVA SRL,Av Ballivian Esquina Oruro,"4567758 -
72220023",NA,NA,web
366,Cochabamba,Alimentos,Pescadería surubi,Heroínas esquina belzu,"4534669 -
60372311",NA,NA,web
367,Cochabamba,Alimentos,FABOPAL S.A.,Av. oquendo N°1080,"4117044 -
70370757",NA,NA,web
368,Cochabamba,Alimentos,Industria de alimentos el tonel,Av. Chilimarca # 394,"4311542 -
70771112",NA,NA,web
369,Cochabamba,Alimentos,SOYRICA,CALLE ULUNCHU. CONDOMINIO SAN SILVESTRE IV,"XXXX -
71772044",NA,NA,web
370,Cochabamba,Alimentos,Alaska SRL,Calle tito yupanqui,"4374473 -
69512713",NA,NA,web
371,Cochabamba,Alimentos,Pescaderia surubi,Avenida chapare zona chacacollo,"4660421 -
79356623",NA,NA,web
372,Cochabamba,Alimentos,Herbalife,Zona temporal,"73320150 -
73320150",NA,NA,web
373,Cochabamba,Alimentos,Micromercado RAMOS,Av. Petrolera Km9,"4764003 -
70719607",NA,NA,web
374,Cochabamba,Alimentos,Alnat industrias alimenticias,Av siles,"77993385 -
77993385",NA,NA,web
375,Cochabamba,Alimentos,La Estancia S.R.L.,Pasaje Boulevard o Av. Uyuni,"4249262 -
77433340",NA,NA,web
376,Cochabamba,Alimentos,La Bodega,Av. Centenario media cuadra al sur de la circunvalacion (Zona Cruce taquiña),"60781631 -
60781631",NA,NA,web
377,Cochabamba,Alimentos,Sain sin gluten,"Colombia Nro 524, entre San Martin y Lanza, frente a la entrada al pasaje San Rafael, acerca sud","62622010 -
68450550",NA,NA,web
378,Cochabamba,Alimentos,AQUAPURA,Calle joaquin salcedo s/n,"71496981 -
67407771",NA,NA,web
379,Cochabamba,Alimentos,GreenMama,Juan Capriles casi esquina tupac Amaru. Edificio kantuta,"70724413 -
70724413",NA,NA,web
380,Cochabamba,Alimentos,Casa Venturini,"Localidad de Pihusi, Apote","71522782 -
71522782",NA,NA,web
381,Cochabamba,Alimentos,PAnaDERIA Y REPOSTERIA HORNERITO,Calle Sucre entre Antezana y 16 de Julio acera sud nro 730,"4500612 -
60398157",NA,NA,web
382,Cochabamba,Gas,YPFB: entregas de gas a domicilio,NA,NA,NA,NA,web
383,Cochabamba,HigienePersonal,Pañales de adulto mayor,Villa Busch,72251879 - 4282898,-17.392684,-66.199639,web
384,Oruro,Movilidad,Radio Taxi de la V,NA,67205906,NA,NA,web
385,Oruro,Movilidad,Radio Taxi la pirámide,NA,5254444,NA,NA,web
386,Oruro,Movilidad,Radio Taxi el Faro,NA,5273399,NA,NA,web
387,Oruro,Movilidad,Radio movil SAS Oruro,NA,5219999,NA,NA,web
388,Oruro,Movilidad,Radio Móvil tu piloto,NA,5266166,NA,NA,web
389,Oruro,Movilidad,Radio Movil Tours Forever,NA,8421114,NA,NA,web
390,Pando,Movilidad,Servicio Urbano Radio Taxi,NA,8421588,NA,NA,web
391,Pando,Movilidad,Expreso departamental,NA,NA,NA,NA,web
392,Beni,Movilidad,Radio Movil Vial Trinidad,NA,NA,NA,NA,web
393,Beni,Movilidad,Radio Taxi German Busch,NA,NA,NA,NA,web
394,Cochabamba,Movilidad,Radio Taxi Jardín,Av. General Galindo,4241111,NA,NA,web
395,Cochabamba,Movilidad,Radio Taxi H,Calle Potosí,4455120,-17.371774,-66.150484,web
396,Cochabamba,Movilidad,Radio Movil HOLIDAY KANTUTA,Felix Lopez de la Vega,4293777,-17.361546,-66.160843,web
397,Cochabamba,Movilidad,Cochabamba,Oeste,65366001,NA,NA,web
398,Cochabamba,Movilidad,Radio Movil Aranjuez,Av. Thunupa,4241212,-17.376329,-66.187595,web
399,Cochabamba,Movilidad,Radio Taxi Ejecutivo,"Av. 9 de abril, Cochabamba",4225050,-17.397834,-66.13791,web
400,Cochabamba,Movilidad,Radio Movil Incacollo,Av. Papa Paulo,4200355,-17.385807,-66.141854,web
401,Cochabamba,Movilidad,Verdecio,Av. Tadeo Haenke. no. 1450,4280000,-17.384349,-66.168059,web
402,Cochabamba,Movilidad,PERZEO,NA,76991360,-17.367135,-66.133661,web
403,Cochabamba,Movilidad,Taxi Ciudad Digital,NA,61782828,-17.365238,-66.16196,web
404,Cochabamba,Movilidad,Movil,Manuel Marin no. 1021,4200520,NA,NA,web
405,La Paz,Gas,YPFB,Av. Gral Ballivian esq. Muñoz Reyes No. 80 Zona Calacoto,800106006 - 72072300,-16.539065,-68.075553,web
406,La Paz,Gas,YPFB,"Av. 20 de Octubre esq. Machicado No. 434, Zona San Pedro",800106007 - 72072300,-16.504065,-68.133668,web
407,La Paz,Gas,YPFB,"Av. Entre Ríos esq. Ayata No. 1349, Zona el Tejar",800106008 - 72072300,-16.498887,-68.152085,web
408,Oruro,Gas,YPFB,Av. 6 de Octubre esq. Héroes del Chaco,800106009 - 72072300,NA,NA,web
409,Santa Cruz,Gas,YPFB,Carretera SC-CBBA Km 3 1/2 Zona Cuarto Anillo,800106010 - 72072300,NA,NA,web
410,Santa Cruz,Gas,YPFB,Av. Grigotá Uv. 0029 Dist: 5 Mza 0043 Sec. 3,800106011 - 72072300,NA,NA,web
411,Santa Cruz,Gas,YPFB,Av. Brasil s/n Zona Central,800106012 - 72072300,NA,NA,web
412,Santa Cruz,Gas,YPFB,Av. Mariscal Sucre s/n Zona Central,800106013 - 72072300,NA,NA,web
413,Cochabamba,Gas,YPFB,Av. Simón López entre M. Pérez de Holguín G.R. Moreno No. 0 Zona/Barrio Cala Cala,800106014 - 72072300,NA,NA,web
414,Cochabamba,Gas,YPFB,Av. Petrolera km 5 1/2 Zona Valle Hermoso,800106015 - 72072300,NA,NA,web
415,Cochabamba,Gas,YPFB,Av. América esq. Pachamama  No. s/n Barrio Cala Cala,800106016 - 72072300,-17.37174,-66.173618,web
416,Cochabamba,Gas,YPFB,Carretera Cbba-Sta Cruz nro. s/n Zona Villa Tunari,800106017 - 72072300,NA,NA,web
417,Cochabamba,Gas,YPFB,"Carretera Cochabamba - Santa Cruz km. 221 Zona/Barrio Central, PT, Villarroel",800106018 - 72072300,NA,NA,web
418,Tarija,Gas,YPFB,"Av. Panamericana, Zona Luis Pizarro",800106019 - 72072300,NA,NA,web
419,Tarija,Gas,YPFB,"Av. Panamericana, Zona Morros Blancos",800106020 - 72072300,NA,NA,web
420,Tarija,Gas,YPFB,Av. San Martín esq. Jacinto Delfín,800106021 - 72072300,NA,NA,web
421,Tarija,Gas,YPFB,Calle Avaroa esq. Chuquisaca,800106022 - 72072300,NA,NA,web
422,Tarija,Gas,YPFB,Av. Petrolera s/n Carretera a Tarija,800106023 - 72072300,NA,NA,web
423,Tarija,Gas,YPFB,Carretera Tarija -Yacuiba Zona El Común,800106024 - 72072300,NA,NA,web
424,Tarija,Gas,YPFB,Carretera a Bermejo Localidad el Padcaya,800106025 - 72072300,NA,NA,web
425,Chuquisaca,Gas,YPFB,"Av. Ostria Gutierrez, esq. nataniel Aguirre",800106026 - 72072300,-19.039644,-65.249234,web
426,Chuquisaca,Gas,YPFB,Av. Héroes de la Calancha s/n Salida a Potosí,800106027 - 72072300,NA,NA,web
427,Chuquisaca,Gas,YPFB,Av. Piraimiri. s/n Final,800106028 - 72072300,NA,NA,web
428,Chuquisaca,Gas,YPFB,"Monteagudo, Zona Zapallar, Salida a Camiri",800106029 - 72072300,NA,NA,web
429,Potosí,Gas,YPFB,Av. Cívica esq. Calle Serrudo s/n,800106030 - 72072300,-19.583858,-65.755807,web
430,Potosí,Gas,YPFB,Av. Antofagasta s/n,800106031 - 72072300,NA,NA,web
431,Potosí,Gas,YPFB,Av. Chorrillos s/n Carretera Sucre-Potosí,800106032 - 72072300,NA,NA,web
432,Pando,Gas,YPFB,Av. Internacional No. 55-2 Zona Central,800106033 - 72072300,NA,NA,web
433,Pando,Gas,YPFB,Av. Alberto Saens No. S/n Barrio San Juan,800106034 - 72072300,NA,NA,web
434,Beni,Gas,YPFB,"Av. Pedro Ignacio Muiba, Circunvalación Sur s/n Barrio Pompeya",800106035 - 72072300,NA,NA,web
435,Beni,Gas,YPFB,"Calle Juan Adad, s/n. Barrio Belén",800106036 - 72072300,NA,NA,web
436,Beni,Gas,YPFB,Av. Federico Román s/n Zona Central,800106037 - 72072300,NA,NA,web
437,Beni,ServiciosFinancieros,BANCO UNION,CALLE BALLIVIAN SN,NA,NA,NA,web
438,Beni,ServiciosFinancieros,BANCO UNION,CFEDERICO ROMAN FRENTE PLAZA PRINCIPAL GERMAN,NA,NA,NA,web
439,Beni,ServiciosFinancieros,BANCO UNION,Calle Luis Suarez esq. nataniel Garcia,NA,NA,NA,web
440,Beni,ServiciosFinancieros,BANCO UNION,CALLE SUCRE ESQ. 18 DE NOVIEMBRE,NA,NA,NA,web
441,Beni,ServiciosFinancieros,BANCO UNION,INTERSECCION DE LAS C/JUAN DE DIOS MARTINEZ Y MED,NA,NA,NA,web
442,Beni,ServiciosFinancieros,CIDRE IFD,AV. NICOLAS SUAREZ N 481 CASI ESQUIna MEDARDO CHA,NA,NA,NA,web
443,Beni,ServiciosFinancieros,COOP.LA MERCED,Av.Nicolas Suarez esq placido mendez frente a la,NA,NA,NA,web
444,Beni,ServiciosFinancieros,IDEPRO,AV. MAXIMO HENICKEN S/N. RIBERALTA,NA,NA,NA,web
445,Beni,ServiciosFinancieros,PRO-MUJER,Av. Placido Mendez y Gabriel Rene Moreno,NA,NA,NA,web
446,Beni,ServiciosFinancieros,BANCO UNION,AV. COMERCIO ENTRE CALLE VACA DIEZ Y SANTA CRUZ,NA,NA,NA,web
447,Beni,ServiciosFinancieros,DIACONIA,Calle Bolivar Nro . 32,NA,NA,NA,web
448,Beni,ServiciosFinancieros,BANCO UNION,C/LA PAZ MEDIA CUADRA DEL LADO SUR DE LA PLAZA 10,NA,NA,NA,web
449,Beni,ServiciosFinancieros,CACTRI,PLAZA PRINCIPAL ACERA NORTE,NA,NA,NA,web
450,Beni,ServiciosFinancieros,DIACONIA,C/ ANTOFAGASTA ENTRE SUCRE Y TARIJA S/N,NA,NA,NA,web
451,Beni,ServiciosFinancieros,BANCO UNION,C Santisteban S frente plaza principal 31 de Julio,NA,NA,NA,web
452,Beni,ServiciosFinancieros,BANCO UNION,Av.Padre Alfonso Elorriaga entre 18deNoviembre y,NA,NA,NA,web
453,Beni,ServiciosFinancieros,BANCO UNION,CALLE 18 DE NOVIEMBRE,NA,NA,NA,web
454,Beni,ServiciosFinancieros,BANCO UNION,C/MANUELITA SUAREZ Y PLAZA BALCAZAR ESPINOZA,NA,NA,NA,web
455,Beni,ServiciosFinancieros,BANCO UNION,Calle German Busch Esquina Beni,NA,NA,NA,web
456,Beni,ServiciosFinancieros,BANCO ECOFUTURO,C. Manuel Limpias No. 76,NA,-14.834604,-64.901653,web
457,Beni,ServiciosFinancieros,BANCO PRODEM,Calle Antonio Vaca Diez,NA,-14.834422,-64.904802,web
458,Beni,ServiciosFinancieros,BANCO UNION,Av. Cipriano Baracé # 604,NA,NA,NA,web
459,Beni,ServiciosFinancieros,BANCO UNION,Av. Bolivar Esquina Alberto Reyes,NA,-14.830536,-64.89531,web
460,Beni,ServiciosFinancieros,CACTRI,C. COCHABAMBA No. 100,NA,NA,NA,web
461,Beni,ServiciosFinancieros,CRECER IFD,Calle Joaquin de Sierra esq. Mamore,NA,-14.837849,-64.903807,web
462,Beni,ServiciosFinancieros,DIACONIA,"C. Torope SN, entre calle Hernan Velarde Rojas",NA,NA,NA,web
463,Beni,ServiciosFinancieros,LA PROMOTORA,AV. GERMAN BUSCH No. 65,NA,NA,NA,web
464,Beni,ServiciosFinancieros,PRO-MUJER,"CALLE RAUL MONJE ROCA #48,MEDIA CUADRA AV.BOLIVAR",NA,NA,NA,web
465,Beni,ServiciosFinancieros,BANCO PRODEM,Carretera a Rurrenabaque sn frente a mercado san,NA,NA,NA,web
466,Beni,ServiciosFinancieros,BANCO UNION,AV. RUREnaBAQUE S,NA,NA,NA,web
467,Beni,ServiciosFinancieros,DIACONIA,Carretera Principal A Rurrenabaque s/n,NA,NA,NA,web
468,Cochabamba,ServiciosFinancieros,COOP.SAN PEDRO DE AIQUILE,"Calle Sucre, entre Arevalo y Heroes del Chaco",NA,NA,NA,web
469,Cochabamba,ServiciosFinancieros,COOP.SAN CARLOS BORROMEO,Frente Plaza Principal 12 de Octubre,NA,NA,NA,web
470,Cochabamba,ServiciosFinancieros,COOP.SAN CARLOS BORROMEO,Calle Obispo La Fuente N.56,NA,NA,NA,web
471,Cochabamba,ServiciosFinancieros,COOP.LA CANTERA,Plaza 24 de Septiembre acera Norte s.n,NA,NA,NA,web
472,Cochabamba,ServiciosFinancieros,FUBODE,Plaza Principal acera Sud sn lado H.A.M. de Capin,NA,NA,NA,web
473,Cochabamba,ServiciosFinancieros,CIDRE IFD,Avenida Panamericana S y Manzanitos,NA,NA,NA,web
474,Cochabamba,ServiciosFinancieros,BANCO FASSIL,Calle nataniel Aguirre esq. Calama,NA,-17.396549,-66.157043,web
475,Cochabamba,ServiciosFinancieros,BANCO FORTALEZA,"Av.Ballivian No.739, entre calles Teniente Ar‚val",NA,NA,NA,web
476,Cochabamba,ServiciosFinancieros,BANCO PRODEM,c/Calama entre Ayacucho y nataniel Aguirre No.164,NA,-17.396624,-66.157418,web
477,Cochabamba,ServiciosFinancieros,BANCO UNION,"Calle 25 de Mayo, esquina Sucre Nø 0385",NA,-17.394045,-66.155254,web
478,Cochabamba,ServiciosFinancieros,BANCO UNION,Plaza Sucre entre Pasteur y Aurelio Melean N.1033,NA,-17.391764,-66.148338,web
479,Cochabamba,ServiciosFinancieros,C.A.C. ASUNCION,C 25 DE MAYO N.818 ENTRE AV. AROMA Y BRAZIL,NA,NA,NA,web
480,Cochabamba,ServiciosFinancieros,CACEF LTDA,Av.Ayacucho N.331,NA,-17.390373,-66.159323,web
481,Cochabamba,ServiciosFinancieros,CIDRE IFD,Av. Capitan Ustariz Nro. 2003,NA,-17.396415,-66.179082,web
482,Cochabamba,ServiciosFinancieros,CIDRE IFD,Calle Juan de La Cruz Torrez N.1674,NA,NA,NA,web
483,Cochabamba,ServiciosFinancieros,COOP. COMARAPA LTDA.,Av. Republica Nro. 1947 esq. Av. 6 de agosto,NA,-17.410556,-66.150875,web
484,Cochabamba,ServiciosFinancieros,COOP. EMPETROL,C/LANZA No. 548 ENTRE SALAMANCA Y PACCIERI,NA,-17.386995,-66.154446,web
485,Cochabamba,ServiciosFinancieros,COOP. PIO X,Av. Mancokapac No.924,NA,-17.402672,-66.166822,web
486,Cochabamba,ServiciosFinancieros,COOP. SAN ANTONIO,Av.Libertador N.1567 casi Av.America,NA,-17.37251,-66.163388,web
487,Cochabamba,ServiciosFinancieros,COOP. SAN MARTIN DE PORRES,Av. Ayacucho N.290 Esq.Santivanez,NA,-17.394598,-66.158511,web
488,Cochabamba,ServiciosFinancieros,COOP. CRISTO REY,Av. Peru Nro. 593,NA,NA,NA,web
489,Cochabamba,ServiciosFinancieros,COOP. LOYOLA LTDA.,Antezana No. S-0397 Esq. Jordan,NA,-17.394506,-66.151763,web
490,Cochabamba,ServiciosFinancieros,COOP. SAN CARLOS BORROMEO,Av.Republica N.1644 entre Calle Guayaramerin y Av,NA,-17.407501,-66.150866,web
491,Cochabamba,ServiciosFinancieros,COOP. SAN JOAQUIN LTDA.,AV. VICTOR USTARIZ No.3119 ESQ. POnaNSKI,NA,NA,NA,web
492,Cochabamba,ServiciosFinancieros,COOP. SAN JOAQUIN LTDA.,"AV. CIRCUNVALACION N.889, ESQUIna AV. CALAMPAMPA",NA,-17.360869,-66.170668,web
493,Cochabamba,ServiciosFinancieros,COOP. SAN JOAQUIN LTDA.,AV. DE LA PATRIA NO.1961,NA,-17.413206,-66.164108,web
494,Cochabamba,ServiciosFinancieros,COOP. SARCO,AV. AMERICA OESTE Nro. 1386,NA,-17.371367,-66.176941,web
495,Cochabamba,ServiciosFinancieros,COOP. TUKUYPAJ,Av. Simon Lopez N.2685 entre Ma.Ballivian y Humbe,NA,-17.35534,-66.187019,web
496,Cochabamba,ServiciosFinancieros,DIACONIA,Av. Republica Nro. 1185,NA,-17.407514,-66.150866,web
497,Cochabamba,ServiciosFinancieros,FUBODE,C/ANTEZAna 216 ENTRE ECUADOR Y COLOMBIA,NA,NA,NA,web
498,Cochabamba,ServiciosFinancieros,FUBODE,AV. PAnaMERICAna 2806,NA,-17.422705,-66.1583,web
499,Cochabamba,ServiciosFinancieros,HOSPICIO,AV. BEIJING NRO.285 ESQ. IDELFONSO,NA,NA,NA,web
500,Cochabamba,ServiciosFinancieros,HOSPICIO,c/25 de Mayo entre Colombia y Ecuador,NA,-17.390229,-66.156098,web
501,Cochabamba,ServiciosFinancieros,LA PROMOTORA,c/Espana esq. Heroinas No.0111,NA,-17.392341,-66.15658,web
502,Cochabamba,ServiciosFinancieros,SEMBRAR SARTAWI,AV. BLANCO GALINDO N.1158 ENTRE AV. PERU Y S. ALB,NA,NA,NA,web
503,Cochabamba,ServiciosFinancieros,CIDRE IFD,C. MAN CESPED S.N. KM. 49 CARRETERA CBBA STA. CRU,NA,NA,NA,web
504,Cochabamba,ServiciosFinancieros,BANCO UNION,Calle Eduardo Avaroa s esq. Bolívar (Plaza Princip,NA,NA,NA,web
505,Cochabamba,ServiciosFinancieros,CIDRE IFD,"CARRETERA PRINCIPAL A SCZ Km. 271,ACERA NORTE",NA,NA,NA,web
506,Cochabamba,ServiciosFinancieros,COOP.MAGISTERIO RURAL TARIJA LTDA,Calle Froilan Tejerina y Alianza,NA,NA,NA,web
507,Cochabamba,ServiciosFinancieros,C.A.C. SAN FRANCISCO DE ASIS LTDA.,PLZ. 6 DE AGOSTO Villa Indep Prov. Ayopaya acera,NA,NA,NA,web
508,Cochabamba,ServiciosFinancieros,CIDRE IFD,AV. MORTENSSON S.N. PLAZA PRINCIPAL,NA,NA,NA,web
509,Cochabamba,ServiciosFinancieros,COOP. PIO X,AV. MONTESORI ESQ. LEOnaRDO QUISPE,NA,NA,NA,web
510,Cochabamba,ServiciosFinancieros,CIDRE IFD,CALLE LITORAL S.N. ENTRE COCHABAMBA Y MORALES,NA,NA,NA,web
511,Cochabamba,ServiciosFinancieros,SEMBRAR SARTAWI,C. Tapia s.n. Plaza Independencia,NA,NA,NA,web
512,Cochabamba,ServiciosFinancieros,COOP. COMARAPA LTDA.,Plaza 9 de Mayo esq. Bolivar,NA,NA,NA,web
513,Cochabamba,ServiciosFinancieros,COOP.SAN PEDRO DE AIQUILE,Plaza 9 de mayo,NA,NA,NA,web
514,Cochabamba,ServiciosFinancieros,FUBODE,"Calle Andrés María Torrico, Esquina Ingavi",NA,-17.543816,-65.83736,web
515,Cochabamba,ServiciosFinancieros,HOSPICIO,Av Gualberto Villarroel,NA,-17.547026,-65.836225,web
516,Cochabamba,ServiciosFinancieros,SEMBRAR SARTAWI,AV. GUALBERTO VILLARROEL NO.107,NA,-17.547412,-65.836254,web
517,Cochabamba,ServiciosFinancieros,BANCO FORTALEZA,Calle Cochabamba s.n entre Heroes del Acre y Ball,NA,-17.396534,-66.280776,web
518,Cochabamba,ServiciosFinancieros,BANCO UNION,Calle 14 de septiembre #E-138,NA,NA,NA,web
519,Cochabamba,ServiciosFinancieros,CAC COOPROLE LTDA.,Calle Carmela Serruto casi esq.Av.Santa Cruz,NA,-17.393015,-66.282882,web
520,Cochabamba,ServiciosFinancieros,CIDRE IFD,Av. Albina Pati¤o No.220 entre Av. Sta. Cruz y Co,NA,NA,NA,web
521,Cochabamba,ServiciosFinancieros,COOP.CRISTO REY,Plaza 27 de mayo,NA,NA,NA,web
522,Cochabamba,ServiciosFinancieros,HOSPICIO,Plaza Bolivar,NA,NA,NA,web
523,Cochabamba,ServiciosFinancieros,PRO-MUJER,Av. Blanco Galindo entre 23 de Marzo y Suarez Mir,NA,NA,NA,web
524,Cochabamba,ServiciosFinancieros,SEMBRAR SARTAWI,CALLE CARMELA SERRUTO N.126 ENTRE W.BALLIVIAN Y S,NA,NA,NA,web
525,Cochabamba,ServiciosFinancieros,BANCO FORTALEZA,CALLE BOLIVAR Nro. 366 ENTRE AYACUCHO Y COLON,NA,-17.403704,-66.038502,web
526,Cochabamba,ServiciosFinancieros,BANCO UNION,AVENIDA BARRIENTOS ESQUIna MONSE¥OR ALCOCER SN,NA,NA,NA,web
527,Cochabamba,ServiciosFinancieros,CACEF LTDA,Plaza 06 de Agosto acera Norte,NA,-17.403507,-66.040038,web
528,Cochabamba,ServiciosFinancieros,COOP. PIO X,Calle Junin N.155,NA,NA,NA,web
529,Cochabamba,ServiciosFinancieros,FUBODE,CALLE BOLIVAR 100 ESQ. COLON,NA,-17.404111,-66.03863,web
530,Cochabamba,ServiciosFinancieros,SEMBRAR SARTAWI,Calle Ingavi N. 614 esq. Calle Bolivar,NA,NA,NA,web
531,Cochabamba,ServiciosFinancieros,CACEF LTDA,Av. Panamericana esq. Calle Miraflores,NA,NA,NA,web
532,Cochabamba,ServiciosFinancieros,CACEF LTDA,Plaza 30 de Abril Acera Sud,NA,NA,NA,web
533,Cochabamba,ServiciosFinancieros,CACEF LTDA,Plaza Principla lado oeste,NA,NA,NA,web
534,Cochabamba,ServiciosFinancieros,CIDRE IFD,CALLE SANTA CRUZ S ENTRE CALLES VANDIOLA Y COSTAN,NA,NA,NA,web
535,Cochabamba,ServiciosFinancieros,COOP.CRISTO REY,Plaza Ladislao Cabrera,NA,NA,NA,web
536,Cochabamba,ServiciosFinancieros,COOP.SAN CARLOS BORROMEO,Calle Junin y Calle Aroma s.n Mercado central ace,NA,NA,NA,web
537,Cochabamba,ServiciosFinancieros,COOP. SAN ANTONIO,Av.Integracion esq.Chuquisaca s.n Central,NA,NA,NA,web
538,La Paz,ServiciosFinancieros,BANCO FIE,Plaza Mcal. Andres de Santa Cruz No.50,NA,NA,NA,web
539,La Paz,ServiciosFinancieros,BANCO PRODEM,Maximiiano Paredes N§ 15 esquina Yanacocha,NA,NA,NA,web
540,La Paz,ServiciosFinancieros,BANCO ECOFUTURO,"PLAZA BOLIVAR, ACERA NORTE",NA,NA,NA,web
541,La Paz,ServiciosFinancieros,BANCO PRODEM,Avenida 30 de Agosto SN,NA,NA,NA,web
542,La Paz,ServiciosFinancieros,BANCO FIE,Plaza Rene Barrientos S/N,NA,NA,NA,web
543,La Paz,ServiciosFinancieros,SEMBRAR SARTAWI,PLAZA PRINCIPAL DE LA LOCALIDAD DE BATALLAS,NA,NA,NA,web
544,La Paz,ServiciosFinancieros,SEMBRAR SARTAWI,Plaza 16 de Julio S.N.,NA,NA,NA,web
545,La Paz,ServiciosFinancieros,BANCO UNION,Av. Mariscal Santa Cruz s entre Litoral y Kilómet,NA,NA,NA,web
546,La Paz,ServiciosFinancieros,SEMBRAR SARTAWI,Av. Mcal. Santa Cruz entre c. Batallon de ing.,NA,NA,NA,web
547,La Paz,ServiciosFinancieros,BANCO PRODEM,"Plaza Martin Villalobos, esq. Gral Pando",NA,NA,NA,web
548,La Paz,ServiciosFinancieros,BANCO PRODEM,Av. 6 de Agosto s.n. entre Calles Oruro y Pando,NA,-16.165757,-69.086505,web
549,La Paz,ServiciosFinancieros,BANCO PRODEM,Saturnino Guerra s lado Plaza 16 de Julio,NA,-16.313777,-67.606427,web
550,La Paz,ServiciosFinancieros,BANCO PRODEM,"C. Julio Suazo s.n, Plaza Principal",NA,-16.188595,-67.727108,web
551,La Paz,ServiciosFinancieros,SEMBRAR SARTAWI,C. Tomas Monje esq. pje. Adalid Linares,NA,NA,NA,web
552,La Paz,ServiciosFinancieros,BANCO ECOFUTURO,C. 3 No. 1304-CEJA,NA,NA,NA,web
553,La Paz,ServiciosFinancieros,BANCO FASSIL,AV. JORGE CARRASCO No.61,NA,-16.507681,-68.162976,web
554,La Paz,ServiciosFinancieros,BANCO FIE,Calle Jorge Carrasco No. 63 Zona 12 de Octubre,NA,NA,NA,web
555,La Paz,ServiciosFinancieros,BANCO FIE,Av. Bolivia No. 1101 (cruce Villa Adela),NA,-16.534346,-68.190648,web
556,La Paz,ServiciosFinancieros,BANCO FIE,Av. Juan Pablo II No.60 (ex tranca Rio Seco),NA,-16.490178,-68.207141,web
557,La Paz,ServiciosFinancieros,BANCO FIE,Av. Aconcagua No. 8394,NA,NA,NA,web
558,La Paz,ServiciosFinancieros,BANCO FORTALEZA,Av. 6 de marzo Nro 41,NA,NA,NA,web
559,La Paz,ServiciosFinancieros,BANCO FORTALEZA,Av. Ladislao Cabrera No.15,NA,-16.535287,-68.190927,web
560,La Paz,ServiciosFinancieros,BANCO PRODEM,Av. 6 de marzo Nro 41,NA,-16.507522,-68.164169,web
561,La Paz,ServiciosFinancieros,BANCO UNION,Avenida Juan Pablo II Nø 2885 casi esq. Banzer,NA,NA,NA,web
562,La Paz,ServiciosFinancieros,BANCO UNION,"Calle Ladislao Cabrera N§ 1017, cruce Villa Adela",NA,-16.535136,-68.190794,web
563,La Paz,ServiciosFinancieros,BANCO UNION,Calle 1 Nø 1 entre Calle Franco Valle y Avenida J,NA,NA,NA,web
564,La Paz,ServiciosFinancieros,COOP. LA SAGRADA FAMILIA,AV. ALFONSO UGARTE No. 1230,NA,-16.489938,-68.172326,web
565,La Paz,ServiciosFinancieros,CRECER IFD,Plan 405 Calle 17 Nro 984,NA,NA,NA,web
566,La Paz,ServiciosFinancieros,DIACONIA,Av. Juan Pablo II Nro. 125 esq. Jorge Eulert,NA,-16.50018,-68.173633,web
567,La Paz,ServiciosFinancieros,DIACONIA,Av. Franco Valle Nro. 900,NA,-16.50018,-68.173633,web
568,La Paz,ServiciosFinancieros,DIACONIA,"Av. Juan Pablo II Nro 60,Zona Rio Seco(Ex-Tranca)",NA,NA,NA,web
569,La Paz,ServiciosFinancieros,DIACONIA,Carretera Viacha Nro 11,NA,NA,NA,web
570,La Paz,ServiciosFinancieros,FUBODE,"Z. Tejada Rectangular entre Av. C¡vica,C.9, N.50",NA,NA,NA,web
571,La Paz,ServiciosFinancieros,HOSPICIO,Av. Alfonso Ugarte,NA,NA,NA,web
572,La Paz,ServiciosFinancieros,IDEPRO,AV. 6 DE MARZO. ESQ. CALLE 3 N§. 100. 1er PISO.,NA,NA,NA,web
573,La Paz,ServiciosFinancieros,LA PRIMERA EFV,"Av. Raul Salmon No.24, Zona 12 de Octubre",NA,NA,NA,web
574,La Paz,ServiciosFinancieros,PRO-MUJER,"Av. Santiago de Machaca No. 1005, esq. Av. Muro P",NA,NA,NA,web
575,La Paz,ServiciosFinancieros,SEMBRAR SARTAWI,AV. JUAN PABLO II CALLE 1 Nº 8 FRENTE A IDENTIFIC,NA,NA,NA,web
576,La Paz,ServiciosFinancieros,SEMBRAR SARTAWI,CAMINO A VIACHA ESQ AV BOLIVIA N°13,NA,NA,NA,web
577,La Paz,ServiciosFinancieros,SEMBRAR SARTAWI,"AV.FRANCO VALLE NRO 11 ENTRE C 5 Y 6, ZOna 12 DE",NA,NA,NA,web
578,La Paz,ServiciosFinancieros,SEMBRAR SARTAWI,Av. 6 de Agosto N. 2125,NA,NA,NA,web
579,La Paz,ServiciosFinancieros,BANCO PRODEM,Plaza Victorio Lanza s Zona Central,NA,NA,NA,web
580,La Paz,ServiciosFinancieros,BANCO PRODEM,Avenida Rene Barrientos S.N.,NA,-16.12507,-67.194475,web
581,La Paz,ServiciosFinancieros,SEMBRAR SARTAWI,AV.RENE BARRIENTOS ORTUÑO entre 1 de Enero y Oswa,NA,-16.127574,-67.194246,web
582,La Paz,ServiciosFinancieros,BANCO ECOFUTURO,"AVENIDA CAMACHO Nø 1377-1389 ESQ.CALLE LOAYZA, ZO",NA,NA,NA,web
583,La Paz,ServiciosFinancieros,BANCO FASSIL,AV 16 DE JULIO N 1642 ESQ LADISLAO CABRERA,NA,-16.502531,-68.132431,web
584,La Paz,ServiciosFinancieros,BANCO FIE,Calle Montenegro Nro. 1454 Bloque B3 Zona San Mig,NA,-16.540765,-68.079348,web
585,La Paz,ServiciosFinancieros,BANCO FIE,C. General Gonzales No.1272,NA,-16.501674,-68.136754,web
586,La Paz,ServiciosFinancieros,BANCO FORTALEZA,Calle 21 Calacoto esq Av. Costanera sn,NA,-16.546458,-68.076541,web
587,La Paz,ServiciosFinancieros,BANCO FORTALEZA,Av. Las Americas No.353,NA,-16.477264,-68.119601,web
588,La Paz,ServiciosFinancieros,BANCO FORTALEZA,Av. Arce n§ 2799 esq. Cordero,NA,-16.512891,-68.120679,web
589,La Paz,ServiciosFinancieros,BANCO FORTALEZA,Av.16 de Julio No.1440 (Plaza Venezuela),NA,-16.50117,-68.133181,web
590,La Paz,ServiciosFinancieros,BANCO PRODEM,"Av. Camacho No.xxx, esq. Colon",NA,NA,NA,web
591,La Paz,ServiciosFinancieros,BANCO PRODEM,Av. Montes N. 515,NA,-16.498776,-68.134214,web
592,La Paz,ServiciosFinancieros,BANCO UNION,"Avenida 16 de Julio Nro 1544, El Prado",NA,-16.501545,-68.1331,web
593,La Paz,ServiciosFinancieros,BANCO UNION,Av. Camacho Nø 1416 esq. calle Loayza,NA,-16.499464,-68.133214,web
594,La Paz,ServiciosFinancieros,BANCO UNION,"C.JOSE AGUIRRE ACHA,NRO.8484,C.21,ESQUIna JOS MA",NA,-16.545125,-68.07687,web
595,La Paz,ServiciosFinancieros,COOP. LA SAGRADA FAMILIA,C. Sagarnaga No. 547 EDIF. MARIA.ENTRE CALLE MAX,NA,-16.497962,-68.139112,web
596,La Paz,ServiciosFinancieros,COOP. SAN MARTIN DE PORRES,"AV.SAAVEDRA N.1975,ED.MIRAFLORES ENTRE VILLALOBOS",NA,-16.502297,-68.122036,web
597,La Paz,ServiciosFinancieros,CRECER IFD,CALLE DEMETRIO CANELAS N.27 ENTRE C 16 Y 17 DE ZO,NA,-16.528554,-68.101168,web
598,La Paz,ServiciosFinancieros,DIACONIA,Av. Tumusla Entre plaza Eguino e Isaac Tamayo Nro,NA,-16.494387,-68.141232,web
599,La Paz,ServiciosFinancieros,LA PRIMERA EFV,Av. Mcal. Santa Cruz No.1364,NA,-16.500214,-68.134328,web
600,La Paz,ServiciosFinancieros,PRO-MUJER,AV. 31 DE OCTUBRE 1530,NA,-16.496571,-68.116533,web
601,La Paz,ServiciosFinancieros,SEMBRAR SARTAWI,AV. BUENOS AIRES 1548 TEMBLADERANI,NA,-16.509344,-68.143483,web
602,La Paz,ServiciosFinancieros,SEMBRAR SARTAWI,AV DEFENSORES DEL CHACO ESQ CALLE 50 N°59,NA,-16.537636,-68.048744,web
603,La Paz,ServiciosFinancieros,SEMBRAR SARTAWI,CALLE PEDRO SALAZAR Nº 509,NA,-16.51161,-68.127039,web
604,La Paz,ServiciosFinancieros,SEMBRAR SARTAWI,AV. TITO YUPANQUI ESQ. RAFAEL BALLIVIAN N°1286,NA,-16.493578,-68.1173,web
605,La Paz,ServiciosFinancieros,SEMBRAR SARTAWI,"CALLE BOQUERON #1500,ENTRE NICOLAS ACOSTA Y OTERO",NA,-16.504657,-68.13711,web
606,La Paz,ServiciosFinancieros,SOLUCREDIT SAN SILVESTRE LTDA,AV MANCO KAPAC Nro 310 PLAZA EGUINO,NA,-16.493855,-68.141585,web
607,La Paz,ServiciosFinancieros,BANCO FIE,Av. Panamericana Nro 74 esq. C. Santa Cruz,NA,NA,NA,web
608,La Paz,ServiciosFinancieros,CIDRE IFD,"Calle pasaje florida,S entre Av. Panamericana y V",NA,NA,NA,web
609,La Paz,ServiciosFinancieros,SEMBRAR SARTAWI,AV. PAnaMERICAna ESQ. PANDO,NA,NA,NA,web
610,La Paz,ServiciosFinancieros,BANCO FIE,Av. Pando casi Esq. Ingavi No. 47,NA,NA,NA,web
611,Oruro,ServiciosFinancieros,BANCO FIE,La Bandera esquina Ejercito,NA,NA,NA,web
612,Oruro,ServiciosFinancieros,BANCO UNION,C. BANDERAS ENTRE C.MURILLO DORADO Y EJERCITO,NA,-18.901098,-66.774464,web
613,Oruro,ServiciosFinancieros,CIDRE IFD,"CALLE EJERCITO S/N, ENTRE VILLARROEL Y ORURO",NA,NA,NA,web
614,Oruro,ServiciosFinancieros,COOP. PAULO VI LTDA.,Calle La Bandera Ejercito Murillo,NA,NA,NA,web
615,Oruro,ServiciosFinancieros,FUBODE,"C. LA BANDERA S, E. EJERCITO Y MURILLO DORADO (AC",NA,NA,NA,web
616,Oruro,ServiciosFinancieros,IDEPRO,Av. Ladislao Cabrera S entre Beni y La Paz,NA,NA,NA,web
617,Oruro,ServiciosFinancieros,SEMBRAR SARTAWI,C/LA PAZ S/N ENTRE LADISLAO CABRERA Y SUCRE,NA,NA,NA,web
618,Oruro,ServiciosFinancieros,C.A.C. ASUNCION,Ag. 16 de Julio sn.,NA,-18.28526,-66.841375,web
619,Oruro,ServiciosFinancieros,BANCO ECOFUTURO,C. Soria Galvarro n§ 1625 esq. Bolivar,NA,-17.970767,-67.113645,web
620,Oruro,ServiciosFinancieros,BANCO FASSIL,Calle Adolfo Mier nro. 735,NA,-17.969188,-67.114439,web
621,Oruro,ServiciosFinancieros,BANCO FIE,"C. La Plata No. 6144, entre Bolivar y Sucre",NA,-17.970238,-67.114505,web
622,Oruro,ServiciosFinancieros,BANCO FORTALEZA,Calle La Plata No. 5959 entre calles Adolfo Mier,NA,-17.96909,-67.113894,web
623,Oruro,ServiciosFinancieros,BANCO PRODEM,Calle La Plata 6175 entre Sucre y Bolivar,NA,-17.970554,-67.114658,web
624,Oruro,ServiciosFinancieros,BANCO UNION,C. CAMPO JORDAN ENTRE EDMUNDO VASQUEZ Y AV. GRAN,NA,-17.954792,-67.100107,web
625,Oruro,ServiciosFinancieros,BANCO UNION,Calle Soria Galvarro esquina Adolfo Mier Nø 612,NA,-17.969503,-67.113278,web
626,Oruro,ServiciosFinancieros,BANCO UNION,Pagador 298 esq. Montesinos,NA,-17.966146,-67.109153,web
627,Oruro,ServiciosFinancieros,C.A.C. ASUNCION,"C. Pagador 5475, entre Montesinos y Herrera",NA,-17.965921,-67.109144,web
628,Oruro,ServiciosFinancieros,CACEF LTDA,6 de Octubre esquina 1 de Noviembre,NA,NA,NA,web
629,Oruro,ServiciosFinancieros,COOP. LA SAGRADA FAMILIA,C.Aldana N§ 240 Entre Velasco Galvarro y Pagador,NA,-17.973806,-67.110845,web
630,Oruro,ServiciosFinancieros,COOP. PAULO VI LTDA.,"6 de Octubre 4285, entre Charcas y campo Jordan",NA,-17.953088,-67.108578,web
631,Oruro,ServiciosFinancieros,EL PROGRESO EFV.,C. La Plata esq. Sucre No. 6177,NA,-17.971057,-67.114718,web
632,Oruro,ServiciosFinancieros,FUBODE,CALLE 6 DE OCTUBRE 5191 ENTRE LEON Y RODRIGUEZ,NA,-17.963092,-67.110231,web
633,Oruro,ServiciosFinancieros,IDEPRO,C/PAGADOR N§ 6338. ENTRE MURGUIA Y ALDAna,NA,-17.977119,-67.112138,web
634,Oruro,ServiciosFinancieros,SEMBRAR SARTAWI,C/Washintong#1480 entre calle Adolfo Mier y Junin,NA,-11.020856,-68.757146,web
635,Pando,ServiciosFinancieros,BANCO ECOFUTURO,NA,NA,-11.020872,-68.757149,web
636,Pando,ServiciosFinancieros,BANCO PRODEM,Av. 9 de Febrero esq. Av. Internacional,NA,-11.027126,-68.760354,web
637,Pando,ServiciosFinancieros,BANCO UNION,NA,NA,-11.035373,-68.767416,web
638,Pando,ServiciosFinancieros,CRECER IFD,AV. 9 DE FEBRERO No.219,NA,NA,NA,web
639,Pando,ServiciosFinancieros,IDEPRO,AV. 9 DE FEBRERO S/N,NA,-11.020645,-68.757054,web
640,Pando,ServiciosFinancieros,PRO-MUJER,Av. 27 de Mayo S Frente a Ex Rombol,NA,-11.02195,-68.767381,web
641,Pando,ServiciosFinancieros,BANCO UNION,AV. naPOLEON ANTELO HULLMAN ESQ. 1 DE SEPTIEMBRE,NA,-11.484449,-67.246809,web
642,Pando,ServiciosFinancieros,IDEPRO,AV. COLUMna PORVENIR S/N. MUNICIPIO PORVENIR,NA,-11.23439,-68.688131,web
643,Pando,ServiciosFinancieros,BANCO UNION,ALBERTO SAENZ KLINSKI S,NA,NA,NA,web
644,Potosí,ServiciosFinancieros,BANCO UNION,Plaza Franz Tamayo - Plaza Central,NA,-20.936056,-66.22022,web
645,Potosí,ServiciosFinancieros,C.A.C. EL CHOROLQUE LTDA.,PLAZA FRANZ TAMAYO S.N.,NA,NA,NA,web
646,Potosí,ServiciosFinancieros,BANCO PRODEM,"C. Bolivar No.6, esq. Linares",NA,-19.552616,-65.453199,web
647,Potosí,ServiciosFinancieros,BANCO UNION,av. Hermanos Pereira casi esquina 6 de agosto,NA,NA,NA,web
648,Potosí,ServiciosFinancieros,SEMBRAR SARTAWI,C. Potosi esq. Modesto Omiste,NA,NA,NA,web
649,Potosí,ServiciosFinancieros,C.A.C. EL CHOROLQUE LTDA.,AV.PAnaMERICA S/N,NA,-20.816663,-65.660545,web
650,Potosí,ServiciosFinancieros,BANCO FIE,Calle Campero esq. Baptista No 33,NA,NA,NA,web
651,Potosí,ServiciosFinancieros,BANCO UNION,AV. 10 DE NOVIEMBRE No.13,NA,-18.423274,-66.586763,web
652,Potosí,ServiciosFinancieros,C.A.C. ASUNCION,PLAZA 6 DE AGOSTO No. 31,NA,-18.423161,-66.585136,web
653,Potosí,ServiciosFinancieros,FUBODE,CALLE BALLIVIAN ENTRE LInaRES Y TUPIZA,NA,-18.422516,-66.585472,web
654,Potosí,ServiciosFinancieros,BANCO ECOFUTURO,NA,NA,-19.587679,-65.754676,web
655,Potosí,ServiciosFinancieros,BANCO FASSIL,Calle Matos N§ 71 esquina Boulevar,NA,-19.588072,-65.752565,web
656,Potosí,ServiciosFinancieros,BANCO PRODEM,C. Bolivar esq. Junin No.852,NA,-19.587697,-65.753173,web
657,Potosí,ServiciosFinancieros,BANCO UNION,CALLE BOLIVAR ESQ. JUNIN S/N,NA,-19.587483,-65.753197,web
658,Potosí,ServiciosFinancieros,BANCO UNION,Av. Litoral,NA,-19.579835,-65.75562,web
659,Potosí,ServiciosFinancieros,CRECER IFD,Av. Litoral Nro 648 esq. Arce,NA,-19.579825,-65.755608,web
660,Potosí,ServiciosFinancieros,DIACONIA,"Calle Smith Nro.296, cerca mercado Uyuni",NA,-19.577617,-65.752646,web
661,Potosí,ServiciosFinancieros,DIACONIA,Calle América Nº 108,NA,-19.585229000000002,-65.75952,web
662,Potosí,ServiciosFinancieros,FUBODE,"Av. Arce, entre 1ro de Abril y Litoral, N 524",NA,-19.580329,-65.755682,web
663,Potosí,ServiciosFinancieros,IDEPRO,C/ BUSTILLOS N§ 1080 ENTRE C/TOMAS FRIAS Y AYACUC,NA,-19.588689,-65.75466,web
664,Potosí,ServiciosFinancieros,LA PROMOTORA,PLAZA 6 DE AGOSTO No. 11,NA,-19.589224,-65.752884,web
665,Potosí,ServiciosFinancieros,PRO-MUJER,Nro. 507 (entre calles Arce y Av. Santa Cruz),NA,-19.580337,-65.755686,web
666,Potosí,ServiciosFinancieros,SEMBRAR SARTAWI,AV. LITORAL S ENTRE AV ARCE Y CALLE VILLARROEL,NA,NA,NA,web
667,Potosí,ServiciosFinancieros,C.A.C. ASUNCION,PLAZA CENTRAL SAN PEDRO DE BUEnaVISTA,NA,-18.269549,-65.981448,web
668,Potosí,ServiciosFinancieros,BANCO FIE,"Plaza Independencia, esq. Bolivar s.n.",NA,-21.443973,-65.720349,web
669,Potosí,ServiciosFinancieros,BANCO UNION,Calle Florida No 204 esquina calle,NA,-21.444657,-65.719758,web
670,Potosí,ServiciosFinancieros,C.A.C. EL CHOROLQUE LTDA.,AV. SANTA CRUZ No.300,NA,-21.442772,-65.719842,web
671,Potosí,ServiciosFinancieros,BANCO UNION,Av. Potosi no 33 esquina calle Sucre,NA,-20.46413,-66.825378,web
672,Potosí,ServiciosFinancieros,CAC. GAINZA,CALLE SUCRE Nro 131 ENTRE AV.COLON Y AV.POTOSI,NA,NA,NA,web
673,Potosí,ServiciosFinancieros,IDEPRO,Calle Sucre Nø 257 entre calles Colon y Cabrera,NA,-20.4607,-66.824562,web
674,Potosí,ServiciosFinancieros,BANCO UNION,"Calle Tarija Calle, Independencia",NA,-22.090448,-65.59502,web
675,Potosí,ServiciosFinancieros,CAC. GAINZA,PLAZA 6 DE AGOSTO S.N.,NA,NA,NA,web
676,Potosí,ServiciosFinancieros,SEMBRAR SARTAWI,"PLAZA 6 E AGOSTO #125, ENTRE C/20 DE MAYO Y C/IND",NA,NA,NA,web
677,Santa Cruz,ServiciosFinancieros,SEMBRAR SARTAWI,Carretera Santa Cruz Trinidad esquina Calle San,NA,NA,NA,web
678,Santa Cruz,ServiciosFinancieros,BANCO UNION,Avenida Brasil esq. Lu¡s Salazar de la Vega,NA,NA,NA,web
679,Santa Cruz,ServiciosFinancieros,COOP.A.C.SAN FRANCISCO SOLANO,CORDILLERA,NA,NA,NA,web
680,Santa Cruz,ServiciosFinancieros,BANCO UNION,"C Ignacio W y Bolívar, z.1, manzana 31 sn de la z",NA,-19.790255,-63.196581,web
681,Santa Cruz,ServiciosFinancieros,BANCO UNION,"C. Santa Cruz esq. c.Martín Claure s, zona centra",NA,-17.915067,-64.529513,web
682,Santa Cruz,ServiciosFinancieros,COOP. COMARAPA LTDA.,plaza 11 de Junio #127,NA,-17.913847,-64.529497,web
683,Santa Cruz,ServiciosFinancieros,COOP.LA MERCED,CALLE SATURNINO SAUCEDO ENTRE BENI Y GERMAN BUSCH,NA,-16.13245,-62.025687,web
684,Santa Cruz,ServiciosFinancieros,COOP.LA MERCED,Av. Santa Cruz N. 63 esq.C. Bolivar frente a la p,NA,NA,NA,web
685,Santa Cruz,ServiciosFinancieros,BANCO UNION,Plaza Principal el Carmen Rivero Torrez,NA,NA,NA,web
686,Santa Cruz,ServiciosFinancieros,SEMBRAR SARTAWI,MUNICIPIO EL PUENTE BARRIO SANTA ROSA,NA,NA,NA,web
687,Santa Cruz,ServiciosFinancieros,COOP. PROGRESO LTDA.,Av.Republica esq. Benjamin Burela,NA,-17.990906,-63.381227,web
688,Santa Cruz,ServiciosFinancieros,SEMBRAR SARTAWI,MUNICIPIO EL TORNO FRENTE A LA PLAZA PRINCIPAL,NA,NA,NA,web
689,Santa Cruz,ServiciosFinancieros,BANCO FIE,AV.SANTA CRUZ C. ESQ. SAN JOAQUIN,NA,-15.894201,-63.188667,web
690,Santa Cruz,ServiciosFinancieros,COOP.LA MERCED,"AV.BUSH ESQ.CONRADO URAPI,1/2 CUADRA PLAZA PRINCI",NA,NA,NA,web
691,Santa Cruz,ServiciosFinancieros,FONDECO,AV.SANTA CRUZ 2 17S.N. FRENTE A RESID. BOLIVIA,NA,NA,NA,web
692,Santa Cruz,ServiciosFinancieros,COOP. COMARAPA LTDA.,CARRETERA ANT.A SANTA CRUZ,NA,NA,NA,web
693,Santa Cruz,ServiciosFinancieros,BANCO FIE,CALLE PRADO ESQ. AVENIDA AVAROA S - BARRIO COPER,NA,-18.119899,-63.960173,web
694,Santa Cruz,ServiciosFinancieros,BANCO UNION,C Bolívar entre Av Abaroa y H.del Chaco snbarrio,NA,-18.122322,-63.960161,web
695,Santa Cruz,ServiciosFinancieros,COOPERATIVA SAN MATEO LTDA.,AV.AVAROA NO.18 MAIRAna PROV.FLORIDA-SANTA CRUZ,NA,NA,NA,web
696,Santa Cruz,ServiciosFinancieros,SEMBRAR SARTAWI,Calle Bolivar S/N(Frente a la ex policia de Maira,NA,NA,NA,web
697,Santa Cruz,ServiciosFinancieros,COOP.LA MERCED,Av. Santa Cruz media cuadra antes de la plaza pri,NA,NA,NA,web
698,Santa Cruz,ServiciosFinancieros,BANCO FASSIL,NA,NA,-17.118808,-63.232251,web
699,Santa Cruz,ServiciosFinancieros,BANCO UNION,"Av. Santa Cruz, entre calles Bélgica y Sucre",NA,-17.11829,-63.23271,web
700,Santa Cruz,ServiciosFinancieros,BANCO FASSIL,NA,NA,-17.341647,-63.255322,web
701,Santa Cruz,ServiciosFinancieros,BANCO UNION,NA,NA,-17.343273,-63.247838,web
702,Santa Cruz,ServiciosFinancieros,BANCO UNION,"Avenida Sim¢n Bol¡var, esquina calle Israel Mend¡",NA,-18.966067,-57.799015,web
703,Santa Cruz,ServiciosFinancieros,COOP. COMARAPA LTDA.,PLAZA PRINCIPAL,NA,NA,NA,web
704,Santa Cruz,ServiciosFinancieros,COOP.LA MERCED,"C. Arce entre calles Sucre y Campero, frente a la",NA,-18.1795,-63.875341,web
705,Santa Cruz,ServiciosFinancieros,CIDRE IFD,"C. LA PAZ, FRENTE A LA PLAZA PRINCIPAL DE SAN IGN",NA,NA,NA,web
706,Santa Cruz,ServiciosFinancieros,PRO-MUJER,"Calle Comercio esq. calle Cochabamba, diagonal de",NA,NA,NA,web
707,Santa Cruz,ServiciosFinancieros,COOP. COMARAPA LTDA.,CARRETERA ANTIGUA A CBBA.,NA,NA,NA,web
708,Santa Cruz,ServiciosFinancieros,COOP.LA MERCED,"Av. Padre José de Arce, Zona Mercado 24 de Septi",NA,NA,NA,web
709,Santa Cruz,ServiciosFinancieros,FONDECO,AV.PADRE JOSE DE ARCE ENTRE CALLE SOROTOCO Y PIÑO,NA,-16.275074,-62.508286,web
710,Santa Cruz,ServiciosFinancieros,BANCO UNION,San Javier,NA,-16.274837,-62.507221,web
711,Santa Cruz,ServiciosFinancieros,BANCO UNION,"Carretera Santa Cruz - Trinidad, barrio Los Cafec",NA,-16.908969,-62.618619,web
712,Santa Cruz,ServiciosFinancieros,CIDRE IFD,Av. Principal Carretera Trinidad Santa Cruz,NA,NA,NA,web
713,Santa Cruz,ServiciosFinancieros,FONDECO,CARR. SCZ-TRINIDAD A 1 CUADRA DE MERC. 24 DE JUNI,NA,-16.913356,-62.618632,web
714,Santa Cruz,ServiciosFinancieros,SEMBRAR SARTAWI,"C. 6 de Agosto Mza 1, uv 7",NA,-16.908833,-62.618614,web
715,Santa Cruz,ServiciosFinancieros,FONDECO,"AV.GUARAYOS, FRENTE HOTEL MANGUARI",NA,-16.613012,-62.501497,web
716,Santa Cruz,ServiciosFinancieros,BANCO ECOFUTURO,Av. Japon,NA,-17.77195,-63.168221,web
717,Santa Cruz,ServiciosFinancieros,BANCO FASSIL,Av.Cristo Redentor Nro 4210 entre 4to y 5to anill,NA,-17.746614,-63.174176,web
718,Santa Cruz,ServiciosFinancieros,BANCO FASSIL,"av. segunda, ed.torre urub¢ business center, zona",NA,-17.751835,-63.216324,web
719,Santa Cruz,ServiciosFinancieros,BANCO FIE,"Av. Plan 3000 S UV 149, MZA 008 (frente Surtidor",NA,-17.822869,-63.144699,web
720,Santa Cruz,ServiciosFinancieros,BANCO FIE,"Av. Santos Dumont Esquina 5to Anillo, Barrio Mora",NA,-17.832511,-63.185121,web
721,Santa Cruz,ServiciosFinancieros,BANCO FORTALEZA,Av. Mutualista esq.Calle 12 Los Ceibos,NA,-17.765625,-63.161879,web
722,Santa Cruz,ServiciosFinancieros,BANCO FORTALEZA,"Gabriel Rene Moreno, n§ 140",NA,-17.78535,-63.181296,web
723,Santa Cruz,ServiciosFinancieros,BANCO PRODEM,Arenales Nro. 779,NA,-17.780796,-63.172856,web
724,Santa Cruz,ServiciosFinancieros,BANCO UNION,Av. Santos Dumont esquina Tercer anillo externo N,NA,-17.814464,-63.182709,web
725,Santa Cruz,ServiciosFinancieros,BANCO UNION,calle Seoane entre 21 de mayo y España,NA,-17.779967,-63.184686,web
726,Santa Cruz,ServiciosFinancieros,BANCO UNION,"Surtidor Cristo Rey Av. Cristo Redentor, Entre 2d",NA,-17.766813,-63.182083,web
727,Santa Cruz,ServiciosFinancieros,BANCO UNION,"Av Viedma N° 649 casi calle Oruro 1er anillo, z c",NA,-17.789694,-63.171713,web
728,Santa Cruz,ServiciosFinancieros,CIDRE IFD,"C. SUCRE Nro.144, entra calle Chuquisaca y La Paz",NA,NA,NA,web
729,Santa Cruz,ServiciosFinancieros,CIDRE IFD,AV. CHE GUEVARA Nro.6950 MEDIA CUADRA ROTONDA PLA,NA,NA,NA,web
730,Santa Cruz,ServiciosFinancieros,COOP. COMARAPA LTDA.,Doble V¡a la Guardia esq. C Jose Otero,NA,-17.806819,-63.202073,web
731,Santa Cruz,ServiciosFinancieros,COOP. SAN MARTIN DE PORRES,Of. Central Av.26 de Feb. Esq. Landivar,NA,-17.785178,-63.194616,web
732,Santa Cruz,ServiciosFinancieros,COOP.LA MERCED,Av. Mutualista Nº 565 y 3er. Anillo,NA,NA,NA,web
733,Santa Cruz,ServiciosFinancieros,COOP.LA MERCED,Calle Junín 363 entre España y Santa Barbara,NA,-17.783053,-63.185488,web
734,Santa Cruz,ServiciosFinancieros,COOPERATIVA GRAN GRIGOTA LTDA.,Avenida Isabel la Católica No 449 frente La Ramad,NA,NA,NA,web
735,Santa Cruz,ServiciosFinancieros,COOPERATIVA GRAN GRIGOTA LTDA.,Avenida Uruguay No 423 (media cuadra de Cumbre),NA,-17.774646,-63.176561,web
736,Santa Cruz,ServiciosFinancieros,COOPERATIVA SAN MATEO LTDA.,AV.DOBLE VIA LA GUARDIA NO.1050,NA,-17.8042,-63.199918,web
737,Santa Cruz,ServiciosFinancieros,FUBODE,AV. VIRGEN DE COTOCA 550 ENTRE 6to.Y 7mo. ANILLO,NA,-17.76824,-63.115972,web
738,Santa Cruz,ServiciosFinancieros,FUBODE,AV. SANTOS DUMONT 1385,NA,NA,NA,web
739,Santa Cruz,ServiciosFinancieros,IDEPRO,"AV. 18 DE MARZO, ESQ. PLAN 3000",NA,NA,-63.132249,web
740,Santa Cruz,ServiciosFinancieros,PRO-MUJER,"Villa 1ø de Mayo, Casi Esq. Calle 11 oeste Nø 4",NA,-17.798585,-63.135439,web
741,Santa Cruz,ServiciosFinancieros,PRO-MUJER,Avenida Paurita N§ 6055 (Zona Ca¤ada Pailita),NA,NA,NA,web
742,Santa Cruz,ServiciosFinancieros,PRO-MUJER,"Calle las Cutas Nø 2469, UV 17",NA,-17.798585,-63.135439,web
743,Santa Cruz,ServiciosFinancieros,SEMBRAR SARTAWI,AV. SANTOS DUMONT 5to: ANILLO BARRIO LOS OLIVOS,NA,-17.833034,-63.184774,web
744,Santa Cruz,ServiciosFinancieros,SEMBRAR SARTAWI,AV MUTUALISTA Nº 2420 ESQ. CALLE 12,NA,NA,NA,web
745,Santa Cruz,ServiciosFinancieros,SEMBRAR SARTAWI,AV ROTONDA S UV 149 MZN 1 BARRIO TORO TORO ROTOND,NA,NA,NA,web
746,Santa Cruz,ServiciosFinancieros,SEMBRAR SARTAWI,CALLE RENE MORENO Nº476,NA,NA,NA,web
747,Santa Cruz,ServiciosFinancieros,CIDRE IFD,CALLE SANTA CRUZ ESQUIna CALLE FLORIDA S.N,NA,NA,NA,web
748,Santa Cruz,ServiciosFinancieros,COOPERATIVA SAN MATEO LTDA.,CALLE FLORIDA NO.101 VALLEGRANDE-SANTA CRUZ,NA,-18.48961,-64.107164,web
749,Santa Cruz,ServiciosFinancieros,CIDRE IFD,AV. EPIFANIO R.OS SN,NA,NA,NA,web
750,Santa Cruz,ServiciosFinancieros,FUBODE,AV. EPIFANIO RIOS 279 PLANTA BAJA,NA,NA,NA,web
751,Santa Cruz,ServiciosFinancieros,SEMBRAR SARTAWI,"Av. Epifanio Rios, Lote 8, Mz 46",NA,NA,NA,web
752,Sucre,ServiciosFinancieros,BANCO UNION,"Calle Guemes s (cerca de la plaza 14 de Marzo), z",NA,NA,NA,web
753,Sucre,ServiciosFinancieros,BANCO FIE,CALLE AYACUCHO N. 24 ESQ. GRAN CHACO PROV.NOR CIN,NA,-20.64147,-65.210606,web
754,Sucre,ServiciosFinancieros,BANCO UNION,Calle Ayacucho Nro. 33,NA,-20.64102,-65.210843,web
755,Sucre,ServiciosFinancieros,IDEPRO,Calle Gran Chaco Nro. 12,NA,NA,NA,web
756,Sucre,ServiciosFinancieros,COOP.A.C.SAN FRANCISCO SOLANO,LUIS CALVO,NA,NA,NA,web
757,Sucre,ServiciosFinancieros,BANCO UNION,Calle Marcelo Arana Nro. 45-47,NA,-19.804334,-63.957591,web
758,Sucre,ServiciosFinancieros,CAC SAN ROQUE LTDA,Calle Sucre No. 699,NA,-19.800669,-63.955078,web
759,Sucre,ServiciosFinancieros,BANCO UNION,Calle Ayacucho s entre Calle Sucre y German Busc,NA,NA,NA,web
760,Sucre,ServiciosFinancieros,BANCO FIE,Litoral,NA,-19.307199,-64.302584,web
761,Sucre,ServiciosFinancieros,BANCO UNION,"BOLIVAR No, 2",NA,-19.307782,-64.302921,web
762,Sucre,ServiciosFinancieros,CAC SAN ROQUE LTDA,NA,NA,NA,NA,web
763,Sucre,ServiciosFinancieros,BANCO UNION,"Calle Eduardo Avaroa s, localidad San Lucas",NA,NA,NA,web
764,Sucre,ServiciosFinancieros,SEMBRAR SARTAWI,Plaza Trigo Arce esq. 25 de Mayo,NA,NA,NA,web
765,Sucre,ServiciosFinancieros,BANCO ECOFUTURO,GUILLERMO LOAYZA No.504 ESQ. J.PRUDENCIO BUSTILLO,NA,-19.034067,-65.252826,web
766,Sucre,ServiciosFinancieros,BANCO FASSIL,C. Espa¤a Nø 64 entre Calvo y San Alberto,NA,-19.047389,-65.258501,web
767,Sucre,ServiciosFinancieros,BANCO FIE,Plaza 25 de mayo esquina calle Espa¤a,NA,-19.047708,-65.258714,web
768,Sucre,ServiciosFinancieros,BANCO FORTALEZA,Calle San Alberto No.108 esq. Calle Espa¤a,NA,-19.047207,-65.25774,web
769,Sucre,ServiciosFinancieros,BANCO PRODEM,c/Espana esq.San Alberto No.106,NA,-19.047005,-65.25819,web
770,Sucre,ServiciosFinancieros,CIDRE IFD,C. GUSTAVO naVARRO No. 12,NA,-19.035174,-65.253608,web
771,Sucre,ServiciosFinancieros,CRECER IFD,Calle Man Cesped Nro 510,NA,NA,NA,web
772,Sucre,ServiciosFinancieros,DIACONIA,"Calle Prudenci Bustillos Nro.262, lado Mercado Ca",NA,-19.034278,-65.255099,web
773,Sucre,ServiciosFinancieros,FUBODE,C. naTANIEL AGUIRRE 391 CASI ESQ. DESTACAMENTO 13,NA,NA,NA,web
774,Sucre,ServiciosFinancieros,LA PRIMERA EFV,Calle Espa¤a N§31,NA,NA,NA,web
775,Sucre,ServiciosFinancieros,PRO-MUJER,Calle Marzana Nro. 525.,NA,NA,NA,web
776,Sucre,ServiciosFinancieros,SEMBRAR SARTAWI,C. J. Prudencio N§ 530 esq. C. Paraguay,NA,NA,NA,web
777,Sucre,ServiciosFinancieros,BANCO UNION,"Plaza 12 de Marzo, esquina calles Bolívar y Sucre",NA,NA,NA,web
778,Sucre,ServiciosFinancieros,IDEPRO,c. Julio Andia S frente a la plaza Principal,NA,NA,NA,web
779,Sucre,ServiciosFinancieros,BANCO UNION,"Avenida Mauro Nuñez S lote L, Zona central",NA,-19.12436,-64.322187,web
780,Tarija,ServiciosFinancieros,BANCO UNION,"Av G. Busch, esq C. Chuquisaca (Plaza Principal)",NA,-22.731686,-64.342941,web
781,Tarija,ServiciosFinancieros,COOP.SAN JOSE DE BERMEJO,CALLE GERMAN BUCH ESQ.LITORAL,NA,-22.731998,-64.342783,web
782,Tarija,ServiciosFinancieros,PRO-MUJER,Calle Cochabamba entre Av. Barrientos Ortu¤o y Ca,NA,NA,NA,web
783,Tarija,ServiciosFinancieros,BANCO UNION,"C Bolívar SN Esq Junín, Z Norte de Carapari prov",NA,NA,NA,web
784,Tarija,ServiciosFinancieros,C.A.C ABIERTA MADRE Y MAESTRA LTDA.,AV 29 DE SEPTIEMBRE SN,NA,-21.529155,-64.734394,web
785,Tarija,ServiciosFinancieros,COOP.MAGISTERIO RURAL TARIJA LTDA,Calle Gilberto Saavedra (a media cuadra de la pla,NA,-21.887959,-64.712785,web
786,Tarija,ServiciosFinancieros,BANCO ECOFUTURO,Av.Domingo Paz entre daniel Campos y Colon N.132,NA,-21.531742,-64.731602,web
787,Tarija,ServiciosFinancieros,BANCO FASSIL,15 de Abril 124,NA,-21.535077,-64.732185,web
788,Tarija,ServiciosFinancieros,BANCO FIE,Ingavi 246,NA,-21.5331,-64.733034,web
789,Tarija,ServiciosFinancieros,BANCO FORTALEZA,La Madrid,NA,-21.533558,-64.733857,web
790,Tarija,ServiciosFinancieros,BANCO PRODEM,Tarija,NA,-21.521015,-64.742941,web
791,Tarija,ServiciosFinancieros,BANCO UNION,Av. La Paz esquina Av. Victor Paz,NA,-21.540752,-64.725161,web
792,Tarija,ServiciosFinancieros,BANCO UNION,Zona Mercado Campesino,NA,-21.520859,-64.742592,web
793,Tarija,ServiciosFinancieros,BANCO UNION,C/MADRID ESQ. GRAL TRIGO NO.390,NA,-21.533403,-64.734329,web
794,Tarija,ServiciosFinancieros,C.A.C ABIERTA MADRE Y MAESTRA LTDA.,Av. Froylan Tejerina N§ 140,NA,-21.521386,-64.742005,web
795,Tarija,ServiciosFinancieros,C.A.C ABIERTA MADRE Y MAESTRA LTDA.,CALLE FRAY MANUEL MINGO Nro. 0573,NA,-21.529153,-64.734393,web
796,Tarija,ServiciosFinancieros,C.A.C. EL CHOROLQUE LTDA.,"C. INGAVI No.239, edif. CONCORDIA",NA,-21.533174,-64.732798,web
797,Tarija,ServiciosFinancieros,CIDRE IFD,Av. Panamericana S Zona San Jorge,NA,-21.526199,-64.73983,web
798,Tarija,ServiciosFinancieros,CIDRE IFD,C. JUNIN Nro. 625 ENTRE INGAVI Y MADRID,NA,-21.535112,-64.727989,web
799,Tarija,ServiciosFinancieros,COOP.MAGISTERIO RURAL TARIJA LTDA,Calle campero N 726 entre Ingavi y Bolivar,NA,-21.532086,-64.734927,web
800,Tarija,ServiciosFinancieros,DIACONIA,Av.Panamericana Nro 1791,NA,-21.521137,-64.742787,web
801,Tarija,ServiciosFinancieros,FONDECO,"Av. Froilan Tejerina, entre Ernesto Trigo y Hugo",NA,-21.518541,-64.740023,web
802,Tarija,ServiciosFinancieros,IDEPRO,Calle Ingavi,NA,-21.532837,-64.733927,web
803,Tarija,ServiciosFinancieros,PRO-MUJER,Zona Mercado Campesino,NA,-21.521865,-64.742354,web
804,Tarija,ServiciosFinancieros,IDEPRO,Avenida Principal frente a la cancha de futbol s.,NA,NA,NA,web
805,Tarija,ServiciosFinancieros,IDEPRO,"Calle Recreo esquina Bol¡var, Plaza Principal s.n",NA,NA,NA,web
806,Tarija,ServiciosFinancieros,BANCO UNION,"Av. Ingavi, entre Av. H del Chaco y C.Cbba sn z.",NA,-21.262999,-63.470134,web
807,Tarija,ServiciosFinancieros,C.A.C. EDUCADORES GRAN CHACO LTDA,Av. Mendez Arcos Esq. Calle Ismael Montes,NA,-21.265846,-63.469799,web
808,Tarija,ServiciosFinancieros,COOP.A.C.SAN FRANCISCO SOLANO,AV MENDEZ ARCO ENTRE POTOSI Y ORURO,NA,-21.265021,-63.472655,web
809,Tarija,ServiciosFinancieros,BANCO FIE,CALLE GENERAL CAMPERO ENTRE SANTA CRUZ Y COMERCIO,NA,-22.016652,-63.679166,web
810,Tarija,ServiciosFinancieros,BANCO UNION,C/GRAL CAMPERO S/N ESQ.MARISCAL STA CRUZ,NA,-22.017093,-63.680102,web
811,Tarija,ServiciosFinancieros,C.A.C. EDUCADORES GRAN CHACO LTDA TRJ,C/Campero #140 entre c/ Martin Barroso y Av.San M,NA,-22.017245,-63.676283,web
812,Tarija,ServiciosFinancieros,CAC. GAINZA,C. SANTA CRUZ S.N.,NA,NA,NA,web
813,Tarija,ServiciosFinancieros,COOP. SAN MARTIN DE PORRES,CALLE SANTA CRUZ ESQ.CREVAUX,NA,-22.014085,-63.678698,web
814,Tarija,ServiciosFinancieros,FUBODE,CALLE SUCRE E. COMERCIO Y SANTA CRUZ Nø 329,NA,NA,NA,web
815,Cochabamba,Libreria,Libreria Gisbert,Av Salamanca 681-675,69902626,-17.385892,-66.154155,web
816,Cochabamba,Farmacia,Farmacorp,NA,4524244,NA,NA,web
817,Cochabamba,Farmacia,Chavez,NA,69430074-4522252,NA,NA,web
818,Cochabamba,Farmacia,Dosis Farma,NA,70730486,NA,NA,web
819,Cochabamba,Farmacia,Zurich,NA,65707053,NA,NA,web
820,Cochabamba,Movilidad,Genial,NA,61783111-4200424,NA,NA,web
821,Cochabamba,Oxigeno,OzLife,NA,70725870-70779698,NA,NA,web
822,Cochabamba,Gas,YPFB,NA,72072300-800106006,NA,NA,web
823,Cochabamba,Emergencias,Policía nacional,NA,74580911,NA,NA,web
824,Cochabamba,Emergencias,Policía nacional,NA,76571911,NA,NA,web
825,Cochabamba,Emergencias,Policía nacional,NA,76902911,NA,NA,web
826,Cochabamba,Emergencias,Policía nacional,NA,69451911,NA,NA,web
827,Cochabamba,Emergencias,Policía nacional,NA,69433911,NA,NA,web
828,Cochabamba,Emergencias,Policía nacional,NA,69452911,NA,NA,web
829,La Paz,ServiciosLegales,FELCV-La Paz,NA,61000523-67008570,NA,NA,web
830,La Paz,ServiciosLegales,FELCV-El Alto,NA,72042202,NA,NA,web
831,Cochabamba,ServiciosLegales,FELCV-Cochabamba,NA,60707069,NA,NA,web
832,Santa Cruz,ServiciosLegales,FELCV-Santa Cruz,NA,72048864,NA,NA,web
833,Oruro,ServiciosLegales,FELCV-Oruro,NA,62805818,NA,NA,web
834,Potosí,ServiciosLegales,FELCV-Potosi,NA,72042570,NA,NA,web
835,Chuquisaca,ServiciosLegales,FELCV-Sucre,NA,72042698,NA,NA,web
836,Tarija,ServiciosLegales,FELCV-Tarija,NA,78241690,NA,NA,web
837,Beni,ServiciosLegales,FELCV-Trinidad,NA,72042202,NA,NA,web
838,Pando,ServiciosLegales,FELCV-Cobija,NA,72042740,NA,NA,web
839,La Paz,ServiciosLegales,Servicios legales Municipales,NA,156 - 800104100,NA,NA,web
840,La Paz,ServiciosLegales,Servicios legales Municipales,NA,156 - 69952322 - 69900536,NA,NA,web
841,Cochabamba,ServiciosLegales,Servicios legales Municipales,NA,80014205 - 76425835,NA,NA,web
842,Santa Cruz,ServiciosLegales,Servicios legales Municipales,NA,156 - 70960050 - 70060050,NA,NA,web
843,Oruro,ServiciosLegales,Servicios legales Municipales,NA,68351338,NA,NA,web
844,Potosí,ServiciosLegales,Servicios legales Municipales,NA,72426236,NA,NA,web
845,Chuquisaca,ServiciosLegales,Servicios legales Municipales,NA,77114241,NA,NA,web
846,Tarija,ServiciosLegales,Servicios legales Municipales,NA,800140348,NA,NA,web
847,Beni,ServiciosLegales,Servicios legales Municipales,NA,69376262,NA,NA,web
848,Pando,ServiciosLegales,Servicios legales Municipales,NA,75104501,NA,NA,web
849,Cochabamba,Veterinaria,Mauricio Camacho,Z/ Hipódromo,69448268,NA,NA,web
850,Cochabamba,Veterinaria,Cristian Herrera,Z/ Chimba,75910589,NA,NA,web
851,Cochabamba,Veterinaria,Mauricio Catorceno,Circunvalación y Beijing,70765804,-17.357125,-66.175947,web
852,Cochabamba,Veterinaria,Veterinaria Hospicio Animal,Tadeo Haenke y Antofagasta,76472124,-17.382859,-66.180372,web
853,Cochabamba,Veterinaria,Radiografia Digital Malluicy,Z/ Muyurina,75900858 - 72743200,NA,NA,web
854,Cochabamba,Veterinaria,Veterinaria ExoVet,Av. Libertador Simón Bolivar #1314,60393960 - 4424177,-17.377125,-66.161148,web
855,Cochabamba,Veterinaria,Jasmine Torrico,Puente Cobija,70794078,NA,NA,web
856,Cochabamba,Veterinaria,Monica Montes,Z/ Mesadilla - Pacata,77417339,NA,NA,web
857,Cochabamba,Veterinaria,Veterinaria Ameridog,Ayacucho norte - Costanera,70727814 - 70750372,-17.386414,-66.159959,web
858,Cochabamba,Veterinaria,José Luis M,Av. Víctor Ustariz,71460528,NA,NA,web
859,Cochabamba,Veterinaria,Lorena Rojas,Circunvalación Km. 7 - Sacaba,76454466,NA,NA,web
860,Cochabamba,Veterinaria,Veterinaria Don Animales,Z/ Sud - Base Aérea,70352125 -  4739462,NA,NA,web
861,Cochabamba,Veterinaria,Veterinaria Vasan,Villa Granado,78364101,NA,NA,web
862,Cochabamba,Veterinaria,Veterinaria Patushino,Z/ Las Cuadras av. 9 de Abril,71412435,-17.399437,-66.144656,web
863,Cochabamba,Veterinaria,Veterinaria Lulyvet,Av. Huaynakapac - Z/ Villa Coronilla,NA,NA,NA,web
864,Cochabamba,Veterinaria,Veterinaria Paraiso de los Animales,Los Ceibos,79790979,-17.367883,-66.171076,web
865,Cochabamba,Veterinaria,Veterinaria Dulces Mascotas,Simon Lopez- Z/ Cala Cala,77413146,-17.366189,-66.169723,web
866,Cochabamba,Veterinaria,Veterinaria CInaVET,"Z/Quintanilla, Av. Chapare.",71771720,-17.388979,-66.110836,web
867,Cochabamba,Veterinaria,Veterinaria Punto Pets,Av. General Galindo y America,77480497,-17.37465,-66.142739,web
868,Cochabamba,Veterinaria,Veterinaria VetCat,Villavivencio y Av. Dorbigni,72773969 - 74834384,NA,NA,web
869,Cochabamba,Veterinaria,Carmen Morales,"Z/ Norte. Candelaria, Segunda Circunvalación. Av. Los Ángeles calle 3",79983827,-17.344612,-66.172317,web
870,La Paz,EquiposBioseguridad,SEDEM,NA,70169907 - 76217775,NA,NA,web
871,Cochabamba,EquiposBioseguridad,SEDEM,NA,71554627 - 71554670,NA,NA,web
872,Tarija,EquiposBioseguridad,SEDEM,NA,72949005 - 71554631,NA,NA,web
873,Oruro,EquiposBioseguridad,SEDEM,NA,72329947 - 78603180,NA,NA,web
874,Santa Cruz,EquiposBioseguridad,SEDEM,NA,3431222 - 3530008,NA,NA,web
875,El Alto,EquiposBioseguridad,SEDEM,NA,71948831 - 78848039,NA,NA,web
876,Chuquisaca,EquiposBioseguridad,SEDEM,NA,77117444 - 68660082,NA,NA,web
877,Beni,EquiposBioseguridad,SEDEM,NA,75895532 - 73934734,NA,NA,web
878,Pando,EquiposBioseguridad,SEDEM,NA,72697370 - 72938540,NA,NA,web
879,Potosí,EquiposBioseguridad,SEDEM,NA,72365931 - 79436705,NA,NA,web
880,Beni,EquiposBioseguridad,SEDEM,NA,77841467 - 73216064,NA,NA,web
881,La Paz,Veterinaria,Veterinaria Del Sur,Z/ Calacoto,70616221,NA,NA,web
882,La Paz,Veterinaria,Animal Centro medico,Av. Montenegro,73006002,NA,NA,web
883,La Paz,Veterinaria,Dogtora Osita,NA,78910774,-16.523415,-68.148859,web
884,La Paz,Veterinaria,San José,C/Teniente Oquendo N°290,71247989,-16.487455,-68.142825,web
885,La Paz,Veterinaria,Wolf Vet,C/Juanito Benavente,75206916,-16.510631,-68.130081,web
886,La Paz,Veterinaria,Petite Pompom,Av. Sánchez Lima,71503365,NA,NA,web
887,La Paz,Veterinaria,Veterinaria Fátima,Z/Chasquipampa,72849127,NA,NA,web
888,La Paz,Veterinaria,Veterinaria Mejor Amigo,Z/Villa Fátima,71246688,NA,NA,web
889,La Paz,Veterinaria,Canis y Feliz,Plaza Villarroel,68044781,-16.484212,-68.121062,web
890,La Paz,Veterinaria,Sabuezo,Av. Tito Hupanqui,77244537,-16.493207,-68.117341,web
891,La Paz,Veterinaria,Bigotes,Av. Iturralde,70144342,NA,NA,web
892,La Paz,Veterinaria,Animalandia,C/Colombia,70149500,NA,NA,web
893,La Paz,Veterinaria,Peñaranda,Z/Chuquisaca,79130429,NA,NA,web
894,La Paz,Veterinaria,Animal Town,Z/Bajo Llojeta,76242259,-16.510168,-68.132681,web
895,La Paz,Veterinaria,Doberman,C/Claudio Sanjinez,72539572,-16.505554,-68.119471,web
896,La Paz,Veterinaria,Mariano Rubín de Celiz,Plaza Villarroel,75823142,NA,NA,web
897,La Paz,Veterinaria,Engreidogs,Av. Baltazar de Salas,78923498,-16.482388,-68.141914,web
898,La Paz,Veterinaria,Veterinaria Ciudad Satélite,Ciudad Satélite,78801673,NA,NA,web
899,Cochabamba,Medico,Alex Orozco,NA,68463810,NA,NA,web
900,Cochabamba,Medico,Verónica Suarez,NA,72277875,NA,NA,web
901,Cochabamba,Medico,Claudia Alejandra Huanca Villca,NA,72961505,NA,NA,web
902,Cochabamba,Medico,Daniela Bazoalto,NA,70754241,NA,NA,web
903,Cochabamba,Medico,Katherinne Carolina Espinoza,NA,70722190,NA,NA,web
904,Cochabamba,Medico,Paola Salazar Rodríguez,NA,70399894,NA,NA,web
905,Cochabamba,Medico,Rosimeri Flores Camacho,NA,70399894,NA,NA,web
906,Cochabamba,Medico,Viviana Aliaga,NA,73089123,NA,NA,web
907,Cochabamba,Medico,Maryfrance del Granado,NA,76955012,NA,NA,web
908,Cochabamba,Medico,Jaime Escobar,NA,67406531,NA,NA,web
909,Cochabamba,Medico,Josimar Rodríguez,NA,79491961,NA,NA,web
910,Cochabamba,Medico,Nestor Hugo Mendieta,NA,68503743,NA,NA,web
911,Cochabamba,Medico,Daniel Flores Mamani,NA,70385187,NA,NA,web
912,Cochabamba,Laboratorio,Carla Copaititi Montaño,NA,70765979,NA,NA,web
913,Cochabamba,Laboratorio,Carmen Lucía Paz,NA,60721909,NA,NA,web
914,Cochabamba,Laboratorio,Cuper Maldonado Panozo,NA,68444923,NA,NA,web
915,Cochabamba,Psicologia,María René San Martín,NA,67436061,NA,NA,web
916,Cochabamba,Odontologia,Albana Escobar,NA,76454928,NA,NA,web
917,Cochabamba,Veterinaria,CentralVet,Calle Colombia 641 entre Lanza y Antezana,4230865 - 65368404 - 65368404,-17.390496,-66.153997,web
918,La Paz,Psicologia,Anacarola Mustafa Urquidi,NA,67060866,NA,NA,web
919,La Paz,Psicologia,Guery Zabala Gumucio,NA,76736012,NA,NA,web
920,La Paz,Psicologia,Vanessa Loayza Nuñez,NA,76285229,NA,NA,web
921,La Paz,Psicologia,Carmiña Guzman Cortez,NA,73736110,NA,NA,web
922,La Paz,Psicologia,Edwin Pocoaca Machaca,NA,70148022,NA,NA,web
923,La Paz,Psicologia,Alejandra Ramirez Tube,NA,76103623,NA,NA,web
924,La Paz,Psicologia,Zelma Ochoa Portugal,NA,67133153,NA,NA,web
925,La Paz,Psicologia,Indira Aguirre Nuñez,NA,68002876,NA,NA,web
926,La Paz,Psicologia,Elba Elena Prado,NA,72088676,NA,NA,web
927,La Paz,Psicologia,Monica Sebastian,NA,72547766,NA,NA,web
928,La Paz,Psicologia,Eve Gomez Ferrufino,NA,76731602,NA,NA,web
929,La Paz,Psicologia,Eliana Exalto Ruiz,NA,78931042,NA,NA,web
930,La Paz,Medico,Dra. Miriam Parada,NA,72551657,NA,NA,web
931,La Paz,Medico,Est. Fabrizzio Mora,NA,69927946,NA,NA,web
932,La Paz,Medico,Dra. Marisol Molina,NA,70615300,NA,NA,web
933,La Paz,Medico,Dra. Gabriela Hinojosa,NA,75820290,NA,NA,web
934,La Paz,Medico,Dra. Daniela Cordero,NA,77754204,NA,NA,web
935,La Paz,Medico,nadia Espinoza,NA,77233318,NA,NA,web
936,La Paz,Medico,Ricardo Guaraz,NA,70549270,NA,NA,web
937,La Paz,Medico,Raquel Guzman,NA,73026287,NA,NA,web
938,La Paz,Medico,Monica Alvarez,NA,68139939,NA,NA,web
939,La Paz,Medico,Mitel Aliaga,NA,73089923,NA,NA,web
940,La Paz,Medico,Ruddy Blanco,NA,73036035,NA,NA,web
941,La Paz,Medico,Fabrizzio Mora Polo,NA,69927946,NA,NA,web
942,La Paz,Medico,Jhonathan Alexis Balcazar,NA,77500727,NA,NA,web
943,La Paz,Medico,Kerly Villca Miranda,NA,73274652,NA,NA,web
944,La Paz,Medico,Luis Martinez,NA,79617517,NA,NA,web
945,La Paz,Medico,Yanela Vargas,NA,69762232,NA,NA,web
946,La Paz,Medico,Dora Cadena,NA,73749045,NA,NA,web
947,La Paz,Medico,Aramis Ardaya,NA,73218160,NA,NA,web
948,La Paz,Medico,Vanessa Chino,NA,76273572,NA,NA,web
949,La Paz,Medico,Carolina Bustillos,NA,68666681,NA,NA,web
950,La Paz,Medico,Pablo Baldiviezo,NA,71176825,NA,NA,web
951,La Paz,Ginecologia,Gabriela Hinojosa,NA,75820290,NA,NA,web
952,La Paz,Pediatria,Claudia Hernández,NA,75227906,NA,NA,web
953,La Paz,MedicinaInterna,Maria Lourdes Escalera,NA,77789985,NA,NA,web
954,La Paz,MedicinaInterna,Roxana Miranda,NA,69852255,NA,NA,web
955,La Paz,MedicinaInterna,Rosario Ruiz,NA,72557017,NA,NA,web
956,La Paz,MedicinaFamiliar,Ivonne Orihuela,NA,73710247,NA,NA,web
957,La Paz,Oncologia,Daniela Cordero,NA,77754204,NA,NA,web
958,La Paz,Imagenologia,Marco Sanchez,NA,76250797,NA,NA,web
959,La Paz,Cardiologia,Adriana Sanchez,NA,61011221,NA,NA,web
960,La Paz,Traumatologia,Victor Jorge Rocha,NA,70149600,NA,NA,web
961,La Paz,Fisioterapia,Miriam Parada,NA,72551657,NA,NA,web
962,La Paz,Fisioterapia,Ronald Alborta,NA,72088995,NA,NA,web
963,La Paz,Fisioterapia,Sheyla Aguilar,NA,69752802,NA,NA,web
964,La Paz,Fisioterapia,Ines Laura,NA,75228102,NA,NA,web
965,La Paz,Fisioterapia,Pamela Prieto,NA,70197881,NA,NA,web
966,La Paz,Fisioterapia,Hernesto Hernández,NA,65582563,NA,NA,web
967,La Paz,Fisioterapia,Ximena Tantani,NA,77583202,NA,NA,web
968,La Paz,Fisioterapia,Aydee Pinto,NA,70646633,NA,NA,web
969,La Paz,Enfermeria,Tania Cahuaya,NA,65639198,NA,NA,web
970,La Paz,Odontologia,Cristian Aguilar,NA,72092920,NA,NA,web
971,La Paz,Odontologia,Jacqueline Ustarez,NA,77216026,NA,NA,web
972,La Paz,Laboratorio,Marisol Molina,NA,70615300,NA,NA,web
973,La Paz,Psicologia,Gabriela Eduardo,NA,72552688,NA,NA,web
974,La Paz,Psicologia,Guisela Chain,NA,77774871,NA,NA,web
975,La Paz,Nutricion,Lucio Córdova,NA,70039537,NA,NA,web
976,La Paz,Psicomotricidad,Pamela Mamani,NA,79676634,NA,NA,web
