type,id,geometry/type,geometry/coordinates/0,geometry/coordinates/1,geometry_name,properties/Direccion,properties/Ruta
Feature,paradaspumakatari.1,Point,-68.03708495,-16.53362318,Shape,Calle 63 Ida,CHASQUIPAMPA - PUC
Feature,paradaspumakatari.2,Point,-68.03759898,-16.53389672,Shape,Calle 63 Vuelta,PUC - CHASQUIPAMPA
Feature,paradaspumakatari.3,Point,-68.04168832,-16.5345037,Shape,Calle 60 Ida,CHASQUIPAMPA - PUC
Feature,paradaspumakatari.4,Point,-68.04104984,-16.53457161,Shape,Calle 60 Vuelta,PUC - CHASQUIPAMPA
Feature,paradaspumakatari.5,Point,-68.04577672,-16.53639285,Shape,Calle 53 Ida,CHASQUIPAMPA - PUC
Feature,paradaspumakatari.6,Point,-68.04577732,-16.53673173,Shape,Calle 53 Vuelta,PUC - CHASQUIPAMPA
Feature,paradaspumakatari.7,Point,-68.05036022,-16.53836425,Shape,Calle 46 Ida,CHASQUIPAMPA - PUC
Feature,paradaspumakatari.8,Point,-68.05062679,-16.53859673,Shape,Calle 46 Vuelta,PUC - CHASQUIPAMPA
Feature,paradaspumakatari.9,Point,-68.05391345,-16.54009667,Shape,Calle 37 Ida,CHASQUIPAMPA - PUC
Feature,paradaspumakatari.10,Point,-68.05397472,-16.54018359,Shape,Calle 37 Vuelta,PUC - CHASQUIPAMPA
Feature,paradaspumakatari.11,Point,-68.05759146,-16.54103769,Shape,Calle 35 Del Escultor Ida,CHASQUIPAMPA - PUC
Feature,paradaspumakatari.12,Point,-68.056798,-16.54242542,Shape,Calle 35 Del Escultor Vuelta,PUC - CHASQUIPAMPA
Feature,paradaspumakatari.13,Point,-68.06210721,-16.54181234,Shape,Laguna Cota Cota Ida,CHASQUIPAMPA - PUC
Feature,paradaspumakatari.14,Point,-68.06240063,-16.54195846,Shape,Laguna Cota Cota Vuelta,PUC - CHASQUIPAMPA
Feature,paradaspumakatari.15,Point,-68.06582822,-16.54256948,Shape,Calle 28 Cota Cota Ida,CHASQUIPAMPA - PUC
Feature,paradaspumakatari.16,Point,-68.06596599,-16.54224004,Shape,Calle 28 Cota Cota Vuelta,PUC - CHASQUIPAMPA
Feature,paradaspumakatari.17,Point,-68.06439559,-16.54537635,Shape,Calle 28 Los Pinos Ida,CHASQUIPAMPA - PUC
Feature,paradaspumakatari.18,Point,-68.06378418,-16.54527427,Shape,Calle 28 Los Pinos Vuelta,PUC - CHASQUIPAMPA
Feature,paradaspumakatari.19,Point,-68.07067848,-16.54536272,Shape,Calle 25 Los Pinos Ida,CHASQUIPAMPA - PUC
Feature,paradaspumakatari.20,Point,-68.07100538,-16.54548024,Shape,Calle 25 Los Pinos Vuelta,PUC - CHASQUIPAMPA
Feature,paradaspumakatari.21,Point,-68.07620096,-16.54489983,Shape,Final Calle 21 Ida,CHASQUIPAMPA - PUC
Feature,paradaspumakatari.22,Point,-68.07655978,-16.54547203,Shape,Final Calle 21 Vuelta,PUC - CHASQUIPAMPA
Feature,paradaspumakatari.23,Point,-68.08269095,-16.54455451,Shape,Final Calle 15 Ida,CHASQUIPAMPA - PUC
Feature,paradaspumakatari.24,Point,-68.08284595,-16.54460016,Shape,Final Calle 15 Vuelta,PUC - CHASQUIPAMPA
Feature,paradaspumakatari.25,Point,-68.09061137,-16.54502378,Shape,Los Sauces Ida,CHASQUIPAMPA - PUC
Feature,paradaspumakatari.26,Point,-68.0907662,-16.54585288,Shape,Los Alamos Vuelta,PUC - CHASQUIPAMPA
Feature,paradaspumakatari.27,Point,-68.10013422,-16.53106672,Shape,ADESU Ida,CHASQUIPAMPA - PUC
Feature,paradaspumakatari.28,Point,-68.10323597,-16.5294258,Shape,Mdo. 16 de julio Ida,CHASQUIPAMPA - PUC
Feature,paradaspumakatari.29,Point,-68.10267122,-16.52975581,Shape,Mdo. 16 de julio Vuelta,PUC - CHASQUIPAMPA
Feature,paradaspumakatari.30,Point,-68.10594756,-16.5281107,Shape,Plza. de la Loba Ida,CHASQUIPAMPA - PUC
Feature,paradaspumakatari.31,Point,-68.10637589,-16.52801425,Shape,Plza. de la Loba Vuelta,PUC - CHASQUIPAMPA
Feature,paradaspumakatari.32,Point,-68.11101148,-16.52452547,Shape,Calle 4 Obrajes Ida,CHASQUIPAMPA - PUC
Feature,paradaspumakatari.33,Point,-68.110001,-16.52528158,Shape,Calle 6 Obrajes Vuelta,PUC - CHASQUIPAMPA
Feature,paradaspumakatari.34,Point,-68.0957336,-16.53787187,Shape,Campo Ferial Vuelta,PUC - CHASQUIPAMPA
Feature,paradaspumakatari.65,Point,-68.09365,-16.48517912,Shape,Cosmos 85 Ida,VILLA SALOME - PUC
Feature,paradaspumakatari.66,Point,-68.09435523,-16.48614447,Shape,Cosmos 85 Vuelta,PUC - VILLA SALOME
Feature,paradaspumakatari.67,Point,-68.09796359,-16.48868008,Shape,Los Graficos Ida,VILLA SALOME - PUC
Feature,paradaspumakatari.68,Point,-68.09775017,-16.48882446,Shape,Los Graficos Vuelta,PUC - VILLA SALOME
Feature,paradaspumakatari.69,Point,-68.10020015,-16.49042708,Shape,Antenas ENTEL Ida,VILLA SALOME - PUC
Feature,paradaspumakatari.70,Point,-68.09999333,-16.49057985,Shape,Antenas ENTEL Vuelta,PUC - VILLA SALOME
Feature,paradaspumakatari.71,Point,-68.10077071,-16.49468693,Shape,Pza. Ergueta Ida,VILLA SALOME - PUC
Feature,paradaspumakatari.72,Point,-68.10064854,-16.49476775,Shape,Pza. Ergueta Vuelta,PUC - VILLA SALOME
Feature,paradaspumakatari.73,Point,-68.10194879,-16.49620694,Shape,SAMAPA Ida,VILLA SALOME - PUC
Feature,paradaspumakatari.74,Point,-68.10190498,-16.49590037,Shape,SAMAPA Vuelta,PUC - VILLA SALOME
Feature,paradaspumakatari.75,Point,-68.10119217,-16.49902294,Shape,Circunvalacion Ida,VILLA SALOME - PUC
Feature,paradaspumakatari.76,Point,-68.10143086,-16.49926674,Shape,Circunvalacion Vuelta,PUC - VILLA SALOME
Feature,paradaspumakatari.77,Point,-68.10435126,-16.49939169,Shape,23 de marzo Ida,VILLA SALOME - PUC
Feature,paradaspumakatari.78,Point,-68.10468964,-16.4995264,Shape,23 de marzo Vuelta,PUC - VILLA SALOME
Feature,paradaspumakatari.79,Point,-68.10436697,-16.50144271,Shape,Mdo. 10 de enero Ida,VILLA SALOME - PUC
Feature,paradaspumakatari.80,Point,-68.10421374,-16.50168274,Shape,Mdo. 10 de enero Vuelta,PUC - VILLA SALOME
Feature,paradaspumakatari.81,Point,-68.10898064,-16.49731027,Shape,Cruce Alto San Antonio Ida,VILLA SALOME - PUC
Feature,paradaspumakatari.82,Point,-68.10815397,-16.49777904,Shape,Cruce Alto San Antonio Vuelta,PUC - VILLA SALOME
Feature,paradaspumakatari.83,Point,-68.11114894,-16.49530301,Shape,Cementerio Judio Ida,VILLA SALOME - PUC
Feature,paradaspumakatari.84,Point,-68.11152599,-16.49680284,Shape,Cementerio Judio Vuelta,PUC - VILLA SALOME
Feature,paradaspumakatari.85,Point,-68.1141276,-16.49358478,Shape,3 Viejas Ida,VILLA SALOME - PUC
Feature,paradaspumakatari.86,Point,-68.11488053,-16.49311507,Shape,3 Viejas Vuelta,PUC - VILLA SALOME
Feature,paradaspumakatari.87,Point,-68.11670568,-16.49344975,Shape,Rafael Ballivian Ida,VILLA SALOME - PUC
Feature,paradaspumakatari.88,Point,-68.11678346,-16.49361934,Shape,Rafael Ballivian Vuelta,PUC - VILLA SALOME
Feature,paradaspumakatari.89,Point,-68.11822902,-16.49436905,Shape,Los Claveles Ida,VILLA SALOME - PUC
Feature,paradaspumakatari.90,Point,-68.11864801,-16.49440146,Shape,Los Claveles Vuelta,PUC - VILLA SALOME
Feature,paradaspumakatari.91,Point,-68.11963548,-16.49150407,Shape,Puente Paraguay Ida,VILLA SALOME - PUC
Feature,paradaspumakatari.92,Point,-68.1195134,-16.49156683,Shape,Puente Paraguay Vuelta,PUC - VILLA SALOME
Feature,paradaspumakatari.93,Point,-68.12148883,-16.49395242,Shape,Busch ida,VILLA SALOME - PUC
Feature,paradaspumakatari.94,Point,-68.12117749,-16.49466014,Shape,Busch Vuelta,PUC - VILLA SALOME
Feature,paradaspumakatari.95,Point,-68.12123107,-16.49916689,Shape,Carrasco Ida,VILLA SALOME - PUC
Feature,paradaspumakatari.96,Point,-68.12093147,-16.49956186,Shape,Carrasco Vuelta,PUC - VILLA SALOME
Feature,paradaspumakatari.97,Point,-68.12364293,-16.50151944,Shape,Diaz Romero Ida,VILLA SALOME - PUC
Feature,paradaspumakatari.98,Point,-68.12253562,-16.50278579,Shape,Villalobos Vuelta,PUC - VILLA SALOME
Feature,paradaspumakatari.99,Point,-68.13209752,-16.50046167,Shape,Plaza Camacho,CHASQUIPAMPA - PUC
Feature,paradaspumakatari.100,Point,-68.12853792,-16.50380383,Shape,UMSA,CHASQUIPAMPA - PUC
Feature,paradaspumakatari.101,Point,-68.12804457,-16.50455623,Shape,cancha zapata,INCA LLOJETA - PUC
Feature,paradaspumakatari.102,Point,-68.12788043,-16.50457067,Shape,cancha zapata,CHASQUIPAMPA - PUC
Feature,paradaspumakatari.103,Point,-68.14963248,-16.44727866,Shape,Micro A,SIETE LAGUNAS - ALONZO DE MENDOZA
Feature,paradaspumakatari.104,Point,-68.15068476,-16.44323365,Shape,7 Lagunas Ida,ALONZO DE MENDOZA - SIETE LAGUNAS
Feature,paradaspumakatari.105,Point,-68.15053985,-16.44300577,Shape,7 Lagunas Vuelta,SIETE LAGUNAS - ALONZO DE MENDOZA
Feature,paradaspumakatari.106,Point,-68.14971671,-16.44620848,Shape,Cerezos Ida,ALONZO DE MENDOZA - SIETE LAGUNAS
Feature,paradaspumakatari.107,Point,-68.14956509,-16.44585635,Shape,Cerezos Vuelta,SIETE LAGUNAS - ALONZO DE MENDOZA
Feature,paradaspumakatari.108,Point,-68.1495497,-16.44797871,Shape,Casa Comunal Caja Ferroviaria Ida,ALONZO DE MENDOZA - SIETE LAGUNAS
Feature,paradaspumakatari.109,Point,-68.14950821,-16.44774441,Shape,Casa Comunal Caja Ferroviaria Vuelta,SIETE LAGUNAS - ALONZO DE MENDOZA
Feature,paradaspumakatari.110,Point,-68.14919659,-16.45005782,Shape,Retamas Ida,ALONZO DE MENDOZA - SIETE LAGUNAS
Feature,paradaspumakatari.111,Point,-68.14904014,-16.44963002,Shape,Retamas Vuelta,SIETE LAGUNAS - ALONZO DE MENDOZA
Feature,paradaspumakatari.112,Point,-68.14937091,-16.45290955,Shape,Parque Primavera Ida,ALONZO DE MENDOZA - SIETE LAGUNAS
Feature,paradaspumakatari.113,Point,-68.1492505,-16.45201079,Shape,Parque Primavera Vuelta,SIETE LAGUNAS - ALONZO DE MENDOZA
Feature,paradaspumakatari.114,Point,-68.14981089,-16.4556609,Shape,C.Ferroviaria Calle4 Ida,ALONZO DE MENDOZA - SIETE LAGUNAS
Feature,paradaspumakatari.115,Point,-68.14926306,-16.4554932,Shape,C.Ferroviaria Calle4 Vuelta,SIETE LAGUNAS - ALONZO DE MENDOZA
Feature,paradaspumakatari.116,Point,-68.14941194,-16.45803642,Shape,Parroquia Señor de La Paz Ida,ALONZO DE MENDOZA - SIETE LAGUNAS
Feature,paradaspumakatari.117,Point,-68.14881327,-16.45810332,Shape,Parroquia Señor de La Paz Vuelta,SIETE LAGUNAS - ALONZO DE MENDOZA
Feature,paradaspumakatari.118,Point,-68.15046526,-16.46123285,Shape,Pasarela Autopista Ida,ALONZO DE MENDOZA - SIETE LAGUNAS
Feature,paradaspumakatari.119,Point,-68.15071906,-16.4616726,Shape,Pasarela Autopista Vuelta,SIETE LAGUNAS - ALONZO DE MENDOZA
Feature,paradaspumakatari.120,Point,-68.1528282,-16.46443118,Shape,Manuel Gamarra C.5 Ida,ALONZO DE MENDOZA - SIETE LAGUNAS
Feature,paradaspumakatari.121,Point,-68.15267891,-16.46426718,Shape,Manuel Gamarra C.5 Vuelta,SIETE LAGUNAS - ALONZO DE MENDOZA
Feature,paradaspumakatari.122,Point,-68.15395606,-16.46797033,Shape,Hernando Siles C.2 Ida,ALONZO DE MENDOZA - SIETE LAGUNAS
Feature,paradaspumakatari.123,Point,-68.15380365,-16.46768088,Shape,Hernando Siles C.2 Vuelta,SIETE LAGUNAS - ALONZO DE MENDOZA
Feature,paradaspumakatari.124,Point,-68.15375741,-16.4720701,Shape,Calle Coro Coro Ida,ALONZO DE MENDOZA - SIETE LAGUNAS
Feature,paradaspumakatari.125,Point,-68.15347947,-16.47236191,Shape,Calle Coro Coro Vuelta,SIETE LAGUNAS - ALONZO DE MENDOZA
Feature,paradaspumakatari.126,Point,-68.15302234,-16.47725792,Shape,Escuela Pedro Domingo Murillo Ida,ALONZO DE MENDOZA - SIETE LAGUNAS
Feature,paradaspumakatari.127,Point,-68.15302849,-16.47703517,Shape,Escuela Pedro Domingo Murillo Vuelta,SIETE LAGUNAS - ALONZO DE MENDOZA
Feature,paradaspumakatari.128,Point,-68.15093945,-16.48050471,Shape,La Papelera  Ida,ALONZO DE MENDOZA - SIETE LAGUNAS
Feature,paradaspumakatari.129,Point,-68.1512509,-16.47994154,Shape,La Papelera Vuelta,SIETE LAGUNAS - ALONZO DE MENDOZA
Feature,paradaspumakatari.130,Point,-68.14938433,-16.48248141,Shape,Puente Ferrobeni Ida,ALONZO DE MENDOZA - SIETE LAGUNAS
Feature,paradaspumakatari.131,Point,-68.14907832,-16.48272761,Shape,Puente Ferrobeni Vuelta,SIETE LAGUNAS - ALONZO DE MENDOZA
Feature,paradaspumakatari.132,Point,-68.14646833,-16.48572896,Shape,Los Pescaditos Ida,ALONZO DE MENDOZA - SIETE LAGUNAS
Feature,paradaspumakatari.133,Point,-68.14632991,-16.48546943,Shape,Los Pescaditos Vuelta,SIETE LAGUNAS - ALONZO DE MENDOZA
Feature,paradaspumakatari.134,Point,-68.14528288,-16.48761984,Shape,Centro Piloto Ida,ALONZO DE MENDOZA - SIETE LAGUNAS
Feature,paradaspumakatari.135,Point,-68.14514599,-16.48776047,Shape,Centro Piloto Vuelta,SIETE LAGUNAS - ALONZO DE MENDOZA
Feature,paradaspumakatari.136,Point,-68.14410367,-16.49141696,Shape,Ex Estacion de Trenes Ida,ALONZO DE MENDOZA - SIETE LAGUNAS
Feature,paradaspumakatari.137,Point,-68.14157705,-16.49305027,Shape,Idelfonso de las muñecas,SIETE LAGUNAS - ALONZO DE MENDOZA
Feature,paradaspumakatari.138,Point,-68.1412939,-16.49139412,Shape,Chuquisaca Vuelta,SIETE LAGUNAS - ALONZO DE MENDOZA
Feature,paradaspumakatari.139,Point,-68.14072288,-16.49044876,Shape,Montes Vuelta,SIETE LAGUNAS - ALONZO DE MENDOZA
Feature,paradaspumakatari.140,Point,-68.13843186,-16.49306141,Shape,Pza Alonso de Mendoza,SIETE LAGUNAS - ALONZO DE MENDOZA
Feature,paradaspumakatari.141,Point,-68.13848979,-16.49317471,Shape,Marca de posición sin título,SIETE LAGUNAS - ALONZO DE MENDOZA
Feature,paradaspumakatari.142,Point,-68.14853777,-16.45098083,Shape,Km8+500,SIETE LAGUNAS - ALONZO DE MENDOZA
Feature,paradaspumakatari.143,Point,-68.12822705,-16.50084965,Shape,Parque de los Monos,Estación de Transferencia
Feature,paradaspumakatari.185,Point,-68.11624515,-16.52070395,Shape,Parada Estación Línea Amarilla,PUC - CHASQUIPAMPA
Feature,paradaspumakatari.186,Point,-68.1162909,-16.51977441,Shape,Parada Estación Línea Amarilla,CHASQUIPAMPA - PUC
Feature,paradaspumakatari.250,Point,-68.08235948,-16.50091619,Shape,Irpavi II Ida,IRPAVI II - PUC
Feature,paradaspumakatari.251,Point,-68.08204962,-16.50105945,Shape,Irpavi II Vuelta,PUC - IRPAVI II
Feature,paradaspumakatari.252,Point,-68.08249915,-16.50410438,Shape,Aruntaya Ida,IRPAVI II - PUC
Feature,paradaspumakatari.253,Point,-68.08228696,-16.50416853,Shape,Aruntaya Vuelta,PUC - IRPAVI II
Feature,paradaspumakatari.254,Point,-68.08550372,-16.50770922,Shape,El Vergel Ida,IRPAVI II - PUC
Feature,paradaspumakatari.255,Point,-68.08540839,-16.50760735,Shape,El Vergel Vuelta,PUC - IRPAVI II
Feature,paradaspumakatari.256,Point,-68.08317052,-16.50556708,Shape,El Vergel 2 Ida,IRPAVI II - PUC
Feature,paradaspumakatari.257,Point,-68.08319835,-16.50567285,Shape,El vergel 2 Vuelata,PUC - IRPAVI II
Feature,paradaspumakatari.258,Point,-68.08626849,-16.51145713,Shape,Calle 18 Ida,IRPAVI II - PUC
Feature,paradaspumakatari.259,Point,-68.08596372,-16.51187291,Shape,Calle 18 Vuelta,PUC - IRPAVI II
Feature,paradaspumakatari.260,Point,-68.08760312,-16.51556426,Shape,Calle 15 Ida,IRPAVI II - PUC
Feature,paradaspumakatari.261,Point,-68.08608573,-16.51539939,Shape,Calle 15 Vuelta,PUC - IRPAVI II
Feature,paradaspumakatari.262,Point,-68.08769598,-16.51865881,Shape,Calle 12 Ida,IRPAVI II - PUC
Feature,paradaspumakatari.263,Point,-68.08574215,-16.518774,Shape,Calle 12 Vuelta,PUC - IRPAVI II
Feature,paradaspumakatari.264,Point,-68.08724524,-16.52116394,Shape,Calle 9 Ida,IRPAVI II - PUC
Feature,paradaspumakatari.265,Point,-68.08520602,-16.5221147,Shape,Calle 8 Vuelta,PUC - IRPAVI II
Feature,paradaspumakatari.266,Point,-68.08630452,-16.52428847,Shape,Calle 6 Ida,IRPAVI II - PUC
Feature,paradaspumakatari.267,Point,-68.08561531,-16.5243216,Shape,Calle 6 Vuelta,PUC - IRPAVI II
Feature,paradaspumakatari.268,Point,-68.08718467,-16.5260648,Shape,Calle 5 Ida,IRPAVI II - PUC
Feature,paradaspumakatari.269,Point,-68.08802429,-16.52661884,Shape,Calle 5 Vuelta,PUC - IRPAVI II
Feature,paradaspumakatari.270,Point,-68.08484971,-16.52810237,Shape,calle 3 Vuelta,PUC - IRPAVI II
Feature,paradaspumakatari.271,Point,-68.08608308,-16.5280548,Shape,calle 3 Ida,IRPAVI II - PUC
Feature,paradaspumakatari.272,Point,-68.08750876,-16.52952737,Shape,Catedral Castrense Vuelta,PUC - IRPAVI II
Feature,paradaspumakatari.273,Point,-68.0901065,-16.52522883,Shape,La Salle Ida,IRPAVI II - PUC
Feature,paradaspumakatari.274,Point,-68.09027035,-16.52536583,Shape,La Salle Vuelta,PUC - IRPAVI II
Feature,paradaspumakatari.275,Point,-68.09003695,-16.51754863,Shape,Caliri Ida,IRPAVI II - PUC
Feature,paradaspumakatari.276,Point,-68.09037191,-16.51658266,Shape,Caliri Vuelta,PUC - IRPAVI II
Feature,paradaspumakatari.277,Point,-68.09032215,-16.52047968,Shape,Bolognia  Ida,IRPAVI II - PUC
Feature,paradaspumakatari.278,Point,-68.09015846,-16.52119697,Shape,Bolognia Vuelta,PUC - IRPAVI II
Feature,paradaspumakatari.279,Point,-68.09493573,-16.5264972,Shape,Litoral Ida,IRPAVI II - PUC
Feature,paradaspumakatari.280,Point,-68.09444754,-16.52669395,Shape,Litoral Vuelta,PUC - IRPAVI II
Feature,paradaspumakatari.281,Point,-68.0968847,-16.52651468,Shape,Bella Vista Norte Ida,IRPAVI II - PUC
Feature,paradaspumakatari.282,Point,-68.09711072,-16.52823157,Shape,Bella Vista Ida,IRPAVI II - PUC
Feature,paradaspumakatari.283,Point,-68.09793574,-16.52776273,Shape,Bella Vista Vuelta,PUC - IRPAVI II
Feature,paradaspumakatari.284,Point,-68.09890961,-16.52632457,Shape,Huano huanuni Ida,IRPAVI II - PUC
Feature,paradaspumakatari.285,Point,-68.09909244,-16.52623675,Shape,Huano huanuni Vuelta,PUC - IRPAVI II
Feature,paradaspumakatari.286,Point,-68.09976961,-16.52408897,Shape,Verde Olivo Ida,IRPAVI II - PUC
Feature,paradaspumakatari.287,Point,-68.09987296,-16.52506152,Shape,Verde Olivo Vuelta,PUC - IRPAVI II
Feature,paradaspumakatari.288,Point,-68.10244753,-16.52374242,Shape,Sector A Ida,IRPAVI II - PUC
Feature,paradaspumakatari.289,Point,-68.10323426,-16.5232428,Shape,Sector A Vuelta,PUC - IRPAVI II
Feature,paradaspumakatari.290,Point,-68.10382048,-16.5226917,Shape,Sector B Ida,IRPAVI II - PUC
Feature,paradaspumakatari.291,Point,-68.10477624,-16.52231032,Shape,Sector B Vuelta,PUC - IRPAVI II
Feature,paradaspumakatari.292,Point,-68.10421172,-16.52031357,Shape,Parque del Ingeniero  Ida,IRPAVI II - PUC
Feature,paradaspumakatari.293,Point,-68.10484154,-16.52042094,Shape,Parque del Ingeniero Vuelta,PUC - IRPAVI II
Feature,paradaspumakatari.294,Point,-68.10795723,-16.5202395,Shape,Parque Censao Ida,IRPAVI II - PUC
Feature,paradaspumakatari.295,Point,-68.10729654,-16.5203801,Shape,Parque Censao Vuelta,PUC - IRPAVI II
Feature,paradaspumakatari.296,Point,-68.11038682,-16.52054361,Shape,Teleferico Alto Obrajes Ida,IRPAVI II - PUC
Feature,paradaspumakatari.297,Point,-68.11013149,-16.52110596,Shape,Teleferico Alto Obrajes Vuelta,PUC - IRPAVI II
Feature,paradaspumakatari.298,Point,-68.11301103,-16.52000029,Shape,Piscina Olimpica Ida,IRPAVI II - PUC
Feature,paradaspumakatari.299,Point,-68.11342675,-16.5196707,Shape,Piscina Olimpica Vuelta,PUC - IRPAVI II
Feature,paradaspumakatari.300,Point,-68.11339093,-16.51723032,Shape,Normal Superior Simon Bolivar Ida,IRPAVI II - PUC
Feature,paradaspumakatari.301,Point,-68.11346661,-16.51709474,Shape,Normal Superior Simon Bolivar Vuelta,PUC - IRPAVI II
Feature,paradaspumakatari.302,Point,-68.11328598,-16.51534407,Shape,IV Centenario Ida,IRPAVI II - PUC
Feature,paradaspumakatari.303,Point,-68.11343258,-16.51508422,Shape,IV Centenario Vuelta,PUC - IRPAVI II
Feature,paradaspumakatari.304,Point,-68.11407107,-16.5130779,Shape,Villa Armonia Ida,IRPAVI II - PUC
Feature,paradaspumakatari.305,Point,-68.11403558,-16.51416335,Shape,Villa Armonia Vuelta,PUC - IRPAVI II
Feature,paradaspumakatari.306,Point,-68.12064025,-16.51435446,Shape,c Clavijo Ida,IRPAVI II - PUC
Feature,paradaspumakatari.307,Point,-68.11951715,-16.51558369,Shape,San Jorge Vuelta,PUC - IRPAVI II
Feature,paradaspumakatari.308,Point,-68.1285371,-16.50378934,Shape,UMSA Ida,IRPAVI II - PUC
Feature,paradaspumakatari.309,Point,-68.12721388,-16.50458061,Shape,Zapata Vuelta,PUC - IRPAVI II
Feature,paradaspumakatari.310,Point,-68.12829918,-16.50069853,Shape,Estación transferencia Partida,PUC - IRPAVI II
Feature,paradaspumakatari.311,Point,-68.13009766,-16.50076861,Shape,Av. Simon Bolivar Llegada,PUC - IRPAVI II
Feature,paradaspumakatari.312,Point,-68.08207519,-16.50042539,Shape,Patio Irpavi II,IRPAVI II - PUC
Feature,paradaspumakatari.313,Point,-68.12157173,-16.48702221,Shape, ,RUTA INTEGRADORA
Feature,paradaspumakatari.314,Point,-68.1218135,-16.48681376,Shape, ,RUTA INTEGRADORA
Feature,paradaspumakatari.315,Point,-68.12169482,-16.48887595,Shape, ,RUTA INTEGRADORA
Feature,paradaspumakatari.316,Point,-68.12147288,-16.48927174,Shape, ,RUTA INTEGRADORA
Feature,paradaspumakatari.317,Point,-68.12163719,-16.49086112,Shape, ,RUTA INTEGRADORA
Feature,paradaspumakatari.318,Point,-68.12137583,-16.49080778,Shape, ,RUTA INTEGRADORA
Feature,paradaspumakatari.319,Point,-68.12149696,-16.49337315,Shape, ,RUTA INTEGRADORA
Feature,paradaspumakatari.320,Point,-68.12126687,-16.49397879,Shape, ,RUTA INTEGRADORA
Feature,paradaspumakatari.321,Point,-68.12135467,-16.49685887,Shape, ,RUTA INTEGRADORA
Feature,paradaspumakatari.322,Point,-68.12110317,-16.49672706,Shape, ,RUTA INTEGRADORA
Feature,paradaspumakatari.323,Point,-68.12119484,-16.49967678,Shape, ,RUTA INTEGRADORA
Feature,paradaspumakatari.324,Point,-68.12098453,-16.4992542,Shape, ,RUTA INTEGRADORA
Feature,paradaspumakatari.325,Point,-68.12098757,-16.49959682,Shape, ,RUTA INTEGRADORA
Feature,paradaspumakatari.326,Point,-68.12118881,-16.49933871,Shape, ,RUTA INTEGRADORA
Feature,paradaspumakatari.327,Point,-68.12084961,-16.50204184,Shape, ,RUTA INTEGRADORA
Feature,paradaspumakatari.328,Point,-68.12315568,-16.50155885,Shape, ,RUTA INTEGRADORA
Feature,paradaspumakatari.329,Point,-68.12266084,-16.50281551,Shape, ,RUTA INTEGRADORA
Feature,paradaspumakatari.330,Point,-68.12310679,-16.50288027,Shape, ,RUTA INTEGRADORA
Feature,paradaspumakatari.331,Point,-68.12354574,-16.50159838,Shape, ,RUTA INTEGRADORA
Feature,paradaspumakatari.332,Point,-68.12497688,-16.50227809,Shape, ,RUTA INTEGRADORA
Feature,paradaspumakatari.333,Point,-68.12479601,-16.50242905,Shape, ,RUTA INTEGRADORA
Feature,paradaspumakatari.334,Point,-68.12837222,-16.50066805,Shape, ,RUTA INTEGRADORA
Feature,paradaspumakatari.335,Point,-68.12827262,-16.50090161,Shape, ,RUTA INTEGRADORA
Feature,paradaspumakatari.336,Point,-68.13015872,-16.5007619,Shape, ,RUTA INTEGRADORA
Feature,paradaspumakatari.337,Point,-68.1284772,-16.50368733,Shape, ,RUTA INTEGRADORA
Feature,paradaspumakatari.338,Point,-68.12845739,-16.50414501,Shape, ,RUTA INTEGRADORA
Feature,paradaspumakatari.339,Point,-68.12705837,-16.50462611,Shape, ,RUTA INTEGRADORA
Feature,paradaspumakatari.340,Point,-68.12784605,-16.50465193,Shape, ,RUTA INTEGRADORA
Feature,paradaspumakatari.341,Point,-68.12749367,-16.50466384,Shape, ,RUTA INTEGRADORA
Feature,paradaspumakatari.342,Point,-68.13169255,-16.50257777,Shape, ,RUTA INTEGRADORA
Feature,paradaspumakatari.343,Point,-68.13266933,-16.50116528,Shape, ,RUTA INTEGRADORA
Feature,paradaspumakatari.344,Point,-68.13204414,-16.50029429,Shape, ,RUTA INTEGRADORA
Feature,paradaspumakatari.345,Point,-68.13805288,-16.49208027,Shape, ,RUTA INTEGRADORA
Feature,paradaspumakatari.346,Point,-68.13868816,-16.49325734,Shape, ,RUTA INTEGRADORA
Feature,paradaspumakatari.347,Point,-68.13856592,-16.49305524,Shape, ,RUTA INTEGRADORA
Feature,paradaspumakatari.348,Point,-68.14236871,-16.49268115,Shape, ,RUTA INTEGRADORA
Feature,paradaspumakatari.349,Point,-68.14400992,-16.49129442,Shape, ,RUTA INTEGRADORA
Feature,paradaspumakatari.350,Point,-68.14184285,-16.49285675,Shape, ,RUTA INTEGRADORA
Feature,paradaspumakatari.351,Point,-68.14395036,-16.49129087,Shape, ,RUTA INTEGRADORA
Feature,paradaspumakatari.352,Point,-68.14431004,-16.488325,Shape, ,RUTA INTEGRADORA
Feature,paradaspumakatari.353,Point,-68.14521562,-16.48774691,Shape, ,RUTA INTEGRADORA
Feature,paradaspumakatari.354,Point,-68.14532889,-16.48767834,Shape, ,RUTA INTEGRADORA
Feature,paradaspumakatari.355,Point,-68.14343958,-16.48808379,Shape, ,RUTA INTEGRADORA
Feature,paradaspumakatari.356,Point,-68.14256959,-16.48775638,Shape, ,RUTA INTEGRADORA
Feature,paradaspumakatari.357,Point,-68.14149351,-16.48639477,Shape, ,RUTA INTEGRADORA
Feature,paradaspumakatari.358,Point,-68.14319928,-16.48560123,Shape, ,RUTA INTEGRADORA
Feature,paradaspumakatari.359,Point,-68.14526584,-16.48445306,Shape, ,RUTA INTEGRADORA
Feature,paradaspumakatari.360,Point,-68.14474488,-16.4836244,Shape, ,RUTA INTEGRADORA
Feature,paradaspumakatari.361,Point,-68.14331835,-16.48410135,Shape, ,RUTA INTEGRADORA
Feature,paradaspumakatari.362,Point,-68.14303183,-16.48401586,Shape, ,RUTA INTEGRADORA
Feature,paradaspumakatari.363,Point,-68.14124098,-16.48520236,Shape, ,RUTA INTEGRADORA
Feature,paradaspumakatari.364,Point,-68.14081261,-16.48561561,Shape, ,RUTA INTEGRADORA
Feature,paradaspumakatari.365,Point,-68.13848325,-16.48435655,Shape, ,RUTA INTEGRADORA
Feature,paradaspumakatari.366,Point,-68.1380439,-16.48461444,Shape, ,RUTA INTEGRADORA
Feature,paradaspumakatari.367,Point,-68.13657065,-16.48585223,Shape, ,RUTA INTEGRADORA
Feature,paradaspumakatari.368,Point,-68.13710882,-16.48584929,Shape, ,RUTA INTEGRADORA
Feature,paradaspumakatari.369,Point,-68.13431897,-16.48575925,Shape, ,RUTA INTEGRADORA
Feature,paradaspumakatari.370,Point,-68.1338498,-16.48570823,Shape, ,RUTA INTEGRADORA
Feature,paradaspumakatari.371,Point,-68.13142187,-16.48699595,Shape, ,RUTA INTEGRADORA
Feature,paradaspumakatari.372,Point,-68.13078888,-16.48696059,Shape, ,RUTA INTEGRADORA
Feature,paradaspumakatari.373,Point,-68.128539,-16.48525066,Shape, ,RUTA INTEGRADORA
Feature,paradaspumakatari.374,Point,-68.12847595,-16.48485903,Shape, ,RUTA INTEGRADORA
Feature,paradaspumakatari.375,Point,-68.12947781,-16.4829893,Shape, ,RUTA INTEGRADORA
Feature,paradaspumakatari.376,Point,-68.12938192,-16.48286598,Shape, ,RUTA INTEGRADORA
Feature,paradaspumakatari.377,Point,-68.1280572,-16.48041996,Shape, ,RUTA INTEGRADORA
Feature,paradaspumakatari.378,Point,-68.1283353,-16.47998448,Shape, ,RUTA INTEGRADORA
Feature,paradaspumakatari.379,Point,-68.1277305,-16.47817464,Shape, ,RUTA INTEGRADORA
Feature,paradaspumakatari.380,Point,-68.12769339,-16.47796792,Shape, ,RUTA INTEGRADORA
Feature,paradaspumakatari.381,Point,-68.12628165,-16.47734844,Shape, ,RUTA INTEGRADORA
Feature,paradaspumakatari.382,Point,-68.12638074,-16.47709007,Shape, ,RUTA INTEGRADORA
Feature,paradaspumakatari.383,Point,-68.1267789,-16.47519266,Shape, ,RUTA INTEGRADORA
Feature,paradaspumakatari.384,Point,-68.12669462,-16.47481977,Shape, ,RUTA INTEGRADORA
Feature,paradaspumakatari.385,Point,-68.12433579,-16.47400545,Shape, ,RUTA INTEGRADORA
Feature,paradaspumakatari.386,Point,-68.1244477,-16.47401418,Shape, ,RUTA INTEGRADORA
Feature,paradaspumakatari.387,Point,-68.12242419,-16.47105444,Shape, ,RUTA INTEGRADORA
Feature,paradaspumakatari.388,Point,-68.12243807,-16.47087781,Shape, ,RUTA INTEGRADORA
Feature,paradaspumakatari.389,Point,-68.12247765,-16.46943509,Shape, ,RUTA INTEGRADORA
Feature,paradaspumakatari.390,Point,-68.12229176,-16.46911424,Shape, ,RUTA INTEGRADORA
Feature,paradaspumakatari.391,Point,-68.12009674,-16.46845234,Shape, ,RUTA INTEGRADORA
Feature,paradaspumakatari.392,Point,-68.11996545,-16.46842153,Shape, ,RUTA INTEGRADORA
Feature,paradaspumakatari.393,Point,-68.11934171,-16.46618037,Shape, ,RUTA INTEGRADORA
Feature,paradaspumakatari.394,Point,-68.11909307,-16.46602034,Shape, ,RUTA INTEGRADORA
Feature,paradaspumakatari.395,Point,-68.11768735,-16.46462866,Shape, ,RUTA INTEGRADORA
Feature,paradaspumakatari.396,Point,-68.11803385,-16.46454709,Shape, ,RUTA INTEGRADORA
Feature,paradaspumakatari.397,Point,-68.11557816,-16.46542737,Shape, ,RUTA INTEGRADORA
Feature,paradaspumakatari.398,Point,-68.11538333,-16.46547215,Shape, ,RUTA INTEGRADORA
Feature,paradaspumakatari.399,Point,-68.11312962,-16.4644419,Shape, ,RUTA INTEGRADORA
Feature,paradaspumakatari.400,Point,-68.11324771,-16.46433379,Shape, ,RUTA INTEGRADORA
Feature,paradaspumakatari.401,Point,-68.1093487,-16.46242267,Shape, ,RUTA INTEGRADORA
Feature,paradaspumakatari.402,Point,-68.1079794,-16.46187002,Shape, ,RUTA INTEGRADORA
Feature,paradaspumakatari.403,Point,-68.10573714,-16.46031274,Shape, ,RUTA INTEGRADORA
Feature,paradaspumakatari.404,Point,-68.10570818,-16.46019662,Shape, ,RUTA INTEGRADORA
Feature,paradaspumakatari.405,Point,-68.1039856,-16.45960482,Shape, ,RUTA INTEGRADORA
Feature,paradaspumakatari.406,Point,-68.10376474,-16.45954972,Shape, ,RUTA INTEGRADORA
Feature,paradaspumakatari.407,Point,-68.1038096,-16.46065654,Shape, ,RUTA INTEGRADORA
Feature,paradaspumakatari.408,Point,-68.1038174,-16.46053669,Shape, ,RUTA INTEGRADORA
Feature,paradaspumakatari.409,Point,-68.10652603,-16.46209145,Shape, ,RUTA INTEGRADORA
Feature,paradaspumakatari.410,Point,-68.10642027,-16.46188585,Shape, ,RUTA INTEGRADORA
Feature,paradaspumakatari.411,Point,-68.10895242,-16.46413529,Shape, ,RUTA INTEGRADORA
Feature,paradaspumakatari.412,Point,-68.10944696,-16.46435143,Shape, ,RUTA INTEGRADORA
Feature,paradaspumakatari.413,Point,-68.11084035,-16.46596045,Shape, ,RUTA INTEGRADORA
Feature,paradaspumakatari.414,Point,-68.11123818,-16.46654274,Shape, ,RUTA INTEGRADORA
Feature,paradaspumakatari.415,Point,-68.11325514,-16.46766568,Shape, ,RUTA INTEGRADORA
Feature,paradaspumakatari.416,Point,-68.1133348,-16.46780711,Shape, ,RUTA INTEGRADORA
Feature,paradaspumakatari.417,Point,-68.11627414,-16.46845955,Shape, ,RUTA INTEGRADORA
Feature,paradaspumakatari.418,Point,-68.11617441,-16.46923535,Shape, ,RUTA INTEGRADORA
Feature,paradaspumakatari.419,Point,-68.11663418,-16.4724526,Shape, ,RUTA INTEGRADORA
Feature,paradaspumakatari.420,Point,-68.11649215,-16.47261131,Shape, ,RUTA INTEGRADORA
Feature,paradaspumakatari.421,Point,-68.11722853,-16.47472852,Shape, ,RUTA INTEGRADORA
Feature,paradaspumakatari.422,Point,-68.11818874,-16.47574385,Shape, ,RUTA INTEGRADORA
Feature,paradaspumakatari.423,Point,-68.11848213,-16.4775368,Shape, ,RUTA INTEGRADORA
Feature,paradaspumakatari.424,Point,-68.11867815,-16.47801741,Shape, ,RUTA INTEGRADORA
Feature,paradaspumakatari.425,Point,-68.11914924,-16.48080219,Shape, ,RUTA INTEGRADORA
Feature,paradaspumakatari.426,Point,-68.11919832,-16.48046205,Shape, ,RUTA INTEGRADORA
Feature,paradaspumakatari.427,Point,-68.12068101,-16.48173842,Shape, ,RUTA INTEGRADORA
Feature,paradaspumakatari.428,Point,-68.12023785,-16.48261488,Shape, ,RUTA INTEGRADORA
Feature,paradaspumakatari.429,Point,-68.12257464,-16.48367616,Shape, ,RUTA INTEGRADORA
Feature,paradaspumakatari.430,Point,-68.12099786,-16.48488859,Shape, ,RUTA INTEGRADORA
Feature,paradaspumakatari.431,Point,-68.11951756,-16.49166116,Shape, ,RUTA INTEGRADORA
Feature,paradaspumakatari.432,Point,-68.11867696,-16.49443829,Shape, ,RUTA INTEGRADORA
Feature,paradaspumakatari.713,Point,-68.05251508,-16.50733267,Shape,Campo Verde B Ida,ACHUMANI - SAN PEDRO
Feature,paradaspumakatari.714,Point,-68.05131854,-16.50688278,Shape,Campo Verde A Ida,ACHUMANI - SAN PEDRO
Feature,paradaspumakatari.715,Point,-68.05153113,-16.50894316,Shape,Huayllani Ida,ACHUMANI - SAN PEDRO
Feature,paradaspumakatari.716,Point,-68.05159505,-16.50998238,Shape,Alto Achumani Ida,ACHUMANI - SAN PEDRO
Feature,paradaspumakatari.717,Point,-68.05516655,-16.51130547,Shape,Calle 41 Ida,ACHUMANI - SAN PEDRO
Feature,paradaspumakatari.718,Point,-68.05744468,-16.51273596,Shape,Calle 40 Ida,ACHUMANI - SAN PEDRO
Feature,paradaspumakatari.719,Point,-68.05873014,-16.51363942,Shape,Calle 39 Ida,ACHUMANI - SAN PEDRO
Feature,paradaspumakatari.720,Point,-68.06070043,-16.51534087,Shape,Calle 36 Ida,ACHUMANI - SAN PEDRO
Feature,paradaspumakatari.721,Point,-68.06184728,-16.51708623,Shape,Complejo The Strongest Ida,ACHUMANI - SAN PEDRO
Feature,paradaspumakatari.722,Point,-68.06255547,-16.51893274,Shape,Calle 31 Ida,ACHUMANI - SAN PEDRO
Feature,paradaspumakatari.723,Point,-68.06383321,-16.52108132,Shape,Calle 29 Ida,ACHUMANI - SAN PEDRO
Feature,paradaspumakatari.724,Point,-68.06681185,-16.52325496,Shape,San Ramon Ida,ACHUMANI - SAN PEDRO
Feature,paradaspumakatari.725,Point,-68.06818596,-16.52590047,Shape,Hernan Greiner Ida,ACHUMANI - SAN PEDRO
Feature,paradaspumakatari.726,Point,-68.07105324,-16.52879861,Shape,Calle 22 Ida,ACHUMANI - SAN PEDRO
Feature,paradaspumakatari.727,Point,-68.07092506,-16.53113159,Shape,Plaza de la Amistad Ida,ACHUMANI - SAN PEDRO
Feature,paradaspumakatari.728,Point,-68.07254434,-16.53220957,Shape,Mercado Achumani Ida,ACHUMANI - SAN PEDRO
Feature,paradaspumakatari.729,Point,-68.073468,-16.53194501,Shape,Bicicross Ida,ACHUMANI - SAN PEDRO
Feature,paradaspumakatari.730,Point,-68.07476884,-16.53339212,Shape,Calle 13 Ida,ACHUMANI - SAN PEDRO
Feature,paradaspumakatari.731,Point,-68.07558919,-16.53561411,Shape,Plaza Jaime Escalante Ida,ACHUMANI - SAN PEDRO
Feature,paradaspumakatari.732,Point,-68.07766004,-16.53938882,Shape,Iglesia de San Miguel Ida,ACHUMANI - SAN PEDRO
Feature,paradaspumakatari.733,Point,-68.07984387,-16.53911813,Shape,Calle19 de Calacoto Ida,ACHUMANI - SAN PEDRO
Feature,paradaspumakatari.734,Point,-68.08245757,-16.53864618,Shape,Calle 17 de Calacoto Ida,ACHUMANI - SAN PEDRO
Feature,paradaspumakatari.735,Point,-68.08485825,-16.53932479,Shape,Calle 15 de Calacoto Ida,ACHUMANI - SAN PEDRO
Feature,paradaspumakatari.736,Point,-68.08696415,-16.53987636,Shape,Calle 13 de Calacoto Ida,ACHUMANI - SAN PEDRO
Feature,paradaspumakatari.737,Point,-68.09172544,-16.54120164,Shape,Calle 8 de Calacoto Ida,ACHUMANI - SAN PEDRO
Feature,paradaspumakatari.738,Point,-68.09454738,-16.53944842,Shape,Pasarela ANAPOL Ida,ACHUMANI - SAN PEDRO
Feature,paradaspumakatari.739,Point,-68.09554985,-16.53687826,Shape,Pasarela Campo Ferial Ida,ACHUMANI - SAN PEDRO
Feature,paradaspumakatari.740,Point,-68.09782378,-16.53307202,Shape,Pasarela barrio del Periodista Ida,ACHUMANI - SAN PEDRO
Feature,paradaspumakatari.741,Point,-68.10148925,-16.52977956,Shape,Calle 17 de Obrajes Ida,ACHUMANI - SAN PEDRO
Feature,paradaspumakatari.742,Point,-68.10352782,-16.52866748,Shape,Calle 14 de Obrajes Ida,ACHUMANI - SAN PEDRO
Feature,paradaspumakatari.743,Point,-68.10558028,-16.52751763,Shape,Plaza de la Loba,ACHUMANI - SAN PEDRO
Feature,paradaspumakatari.744,Point,-68.10805581,-16.5261921,Shape,Calle 8 de Obrajes Ida,ACHUMANI - SAN PEDRO
Feature,paradaspumakatari.745,Point,-68.11099625,-16.52455954,Shape,Calle 4 de Obrajes Ida,ACHUMANI - SAN PEDRO
Feature,paradaspumakatari.746,Point,-68.11281862,-16.52357299,Shape,Calle 2 de Obrajes Ida,ACHUMANI - SAN PEDRO
Feature,paradaspumakatari.747,Point,-68.11452385,-16.51874343,Shape,Unandes Ida,ACHUMANI - SAN PEDRO
Feature,paradaspumakatari.748,Point,-68.11469832,-16.51410804,Shape,Puente Independencia Ida,ACHUMANI - SAN PEDRO
Feature,paradaspumakatari.749,Point,-68.12033175,-16.51364372,Shape,Clavijo Ida,ACHUMANI - SAN PEDRO
Feature,paradaspumakatari.750,Point,-68.12153632,-16.51209956,Shape,Campos Ida,ACHUMANI - SAN PEDRO
Feature,paradaspumakatari.751,Point,-68.12374012,-16.50964723,Shape,Plaza Isabel la CatÃ³lica Ida,ACHUMANI - SAN PEDRO
Feature,paradaspumakatari.752,Point,-68.12676286,-16.50731574,Shape,Plaza Bolivia Ida,ACHUMANI - SAN PEDRO
Feature,paradaspumakatari.753,Point,-68.1287146,-16.50598294,Shape,Graderias Aspiazu Ida,ACHUMANI - SAN PEDRO
Feature,paradaspumakatari.754,Point,-68.13188129,-16.50394788,Shape,Cañada Strongest,ACHUMANI - SAN PEDRO
Feature,paradaspumakatari.755,Point,-68.13376726,-16.50334104,Shape,Otero de la Vega Ida,ACHUMANI - SAN PEDRO
Feature,paradaspumakatari.756,Point,-68.13406336,-16.50193552,Shape,Nicolas Acosta Ida,ACHUMANI - SAN PEDRO
Feature,paradaspumakatari.757,Point,-68.0526724,-16.50737086,Shape,Campo Verde B Vuelta,SAN PEDRO - ACHUMANI
Feature,paradaspumakatari.758,Point,-68.05154102,-16.50761654,Shape,Campo Verde A Vuelta,SAN PEDRO - ACHUMANI
Feature,paradaspumakatari.759,Point,-68.05159301,-16.50882721,Shape,Huayllani Vuelta,SAN PEDRO - ACHUMANI
Feature,paradaspumakatari.760,Point,-68.05140698,-16.51002332,Shape,Alto Achumani Vuelta,SAN PEDRO - ACHUMANI
Feature,paradaspumakatari.761,Point,-68.05495283,-16.51132768,Shape,Calle 41 Vuelta,SAN PEDRO - ACHUMANI
Feature,paradaspumakatari.762,Point,-68.05720505,-16.51268176,Shape,Calle 40 Vuelta,SAN PEDRO - ACHUMANI
Feature,paradaspumakatari.763,Point,-68.05874455,-16.51380697,Shape,Calle 39 Vuelta,SAN PEDRO - ACHUMANI
Feature,paradaspumakatari.764,Point,-68.06082966,-16.51554375,Shape,Calle 36 Vuelta,SAN PEDRO - ACHUMANI
Feature,paradaspumakatari.765,Point,-68.06193352,-16.51746976,Shape,Complejo The Strongest,SAN PEDRO - ACHUMANI
Feature,paradaspumakatari.766,Point,-68.06250106,-16.51946641,Shape,Calle 31 Vuelta,SAN PEDRO - ACHUMANI
Feature,paradaspumakatari.767,Point,-68.06375621,-16.52149262,Shape,Calle 29 Vuelta,SAN PEDRO - ACHUMANI
Feature,paradaspumakatari.768,Point,-68.06679154,-16.52358027,Shape,San Ramon Vuelta,SAN PEDRO - ACHUMANI
Feature,paradaspumakatari.769,Point,-68.06818754,-16.5262027,Shape,Hernan Greiner Vuelta,SAN PEDRO - ACHUMANI
Feature,paradaspumakatari.770,Point,-68.07089933,-16.5287056,Shape,Calle 22 Vuelta,SAN PEDRO - ACHUMANI
Feature,paradaspumakatari.771,Point,-68.07139265,-16.53038957,Shape,Plaza de la Amistad Vuelta,SAN PEDRO - ACHUMANI
Feature,paradaspumakatari.772,Point,-68.0730043,-16.53138145,Shape,Mercado de Achumani Vuelta,SAN PEDRO - ACHUMANI
Feature,paradaspumakatari.773,Point,-68.0744757,-16.53330424,Shape,Calle 13 Vuelta,SAN PEDRO - ACHUMANI
Feature,paradaspumakatari.774,Point,-68.07541944,-16.53583933,Shape,Plaza Jaime Escalante Vuelta,SAN PEDRO - ACHUMANI
Feature,paradaspumakatari.775,Point,-68.07744816,-16.53907218,Shape,Iglesia de San Miguel Vuelta,SAN PEDRO - ACHUMANI
Feature,paradaspumakatari.776,Point,-68.08059794,-16.53918172,Shape,Calle 18 de Calacoto Vuelta,SAN PEDRO - ACHUMANI
Feature,paradaspumakatari.777,Point,-68.0827032,-16.53975122,Shape,Calle 17 de Calacoto Vuelta,SAN PEDRO - ACHUMANI
Feature,paradaspumakatari.778,Point,-68.08442314,-16.54018159,Shape,Calle 15 de Calacoto Vuelta,SAN PEDRO - ACHUMANI
Feature,paradaspumakatari.779,Point,-68.08658988,-16.54081727,Shape,Calle 13 de Calacoto Vuelta,SAN PEDRO - ACHUMANI
Feature,paradaspumakatari.780,Point,-68.09209167,-16.54149332,Shape,Calle 8 de Calacoto Vuelta,SAN PEDRO - ACHUMANI
Feature,paradaspumakatari.781,Point,-68.09468756,-16.53953038,Shape,Pasarela ANAPOL Vuelta,SAN PEDRO - ACHUMANI
Feature,paradaspumakatari.782,Point,-68.09585391,-16.53658872,Shape,Pasarela Campo Ferial Vuelta,SAN PEDRO - ACHUMANI
Feature,paradaspumakatari.783,Point,-68.09817637,-16.53288373,Shape,Pasarela Barrio del Periodista Vuelta,SAN PEDRO - ACHUMANI
Feature,paradaspumakatari.784,Point,-68.10167645,-16.52982556,Shape,Calle 17 de Obrajes Vuelta,SAN PEDRO - ACHUMANI
Feature,paradaspumakatari.785,Point,-68.10405718,-16.52854603,Shape,Calle 14 de Obrajes Vuelta,SAN PEDRO - ACHUMANI
Feature,paradaspumakatari.786,Point,-68.10600673,-16.52743377,Shape,Plaza de la Loba Vuelta,SAN PEDRO - ACHUMANI
Feature,paradaspumakatari.787,Point,-68.10843146,-16.52688151,Shape,Iglesia de la Exaltacion Obrajes Vuelta,SAN PEDRO - ACHUMANI
Feature,paradaspumakatari.788,Point,-68.11109826,-16.52539502,Shape,Calle 5 de Obrajes Vuelta,SAN PEDRO - ACHUMANI
Feature,paradaspumakatari.789,Point,-68.11325903,-16.52426073,Shape,Calle 2 de Obrajes Vuelta,SAN PEDRO - ACHUMANI
Feature,paradaspumakatari.790,Point,-68.11565035,-16.52174611,Shape,Calle 0 de Obrajes Vuelta,SAN PEDRO - ACHUMANI
Feature,paradaspumakatari.791,Point,-68.12338426,-16.51403482,Shape,Plaza Kantutani,SAN PEDRO - ACHUMANI
Feature,paradaspumakatari.792,Point,-68.12538479,-16.51268041,Shape,Pinilla,SAN PEDRO - ACHUMANI
Feature,paradaspumakatari.793,Point,-68.12717339,-16.51101534,Shape,Plaza Abaroa Vuelta,SAN PEDRO - ACHUMANI
Feature,paradaspumakatari.794,Point,-68.12898029,-16.509322,Shape,Rosendo Gutierrez Vuelta,SAN PEDRO - ACHUMANI
Feature,paradaspumakatari.795,Point,-68.12938266,-16.50718629,Shape,Aspiazu Vuelta,SAN PEDRO - ACHUMANI
Feature,paradaspumakatari.796,Point,-68.13233448,-16.50317239,Shape,Mexico Vuelta,SAN PEDRO - ACHUMANI
Feature,paradaspumakatari.1113,Point,-68.14588435,-16.53439686,Shape,Raúl Salmon,PUC - INCA LLOJETA
Feature,paradaspumakatari.1114,Point,-68.13454673,-16.53399604,Shape,Vergelito,PUC - INCA LLOJETA
Feature,paradaspumakatari.1115,Point,-68.13791381,-16.53326843,Shape,Centro de Salud el Vergel,PUC - INCA LLOJETA
Feature,paradaspumakatari.1116,Point,-68.14417932,-16.53310721,Shape,Calle J,PUC - INCA LLOJETA
Feature,paradaspumakatari.1117,Point,-68.14037645,-16.53303479,Shape,Final Buenos Aires,PUC - INCA LLOJETA
Feature,paradaspumakatari.1118,Point,-68.13158568,-16.53286767,Shape,Tomillo,PUC - INCA LLOJETA
Feature,paradaspumakatari.1119,Point,-68.14201019,-16.53255012,Shape,U.E José Santos Vargas,PUC - INCA LLOJETA
Feature,paradaspumakatari.1120,Point,-68.14577855,-16.53235261,Shape,Graderías Nestor Paz,PUC - INCA LLOJETA
Feature,paradaspumakatari.1121,Point,-68.12624176,-16.53094817,Shape,Las Acacias,PUC - INCA LLOJETA
Feature,paradaspumakatari.1122,Point,-68.1283928,-16.52961416,Shape,Las Petunias,PUC - INCA LLOJETA
Feature,paradaspumakatari.1123,Point,-68.14292438,-16.52887449,Shape,Tupac katari,PUC - INCA LLOJETA
Feature,paradaspumakatari.1124,Point,-68.12591401,-16.52712591,Shape,Hospital Nuestra Señora de La Paz,PUC - INCA LLOJETA
Feature,paradaspumakatari.1125,Point,-68.12376371,-16.52656334,Shape,U.E. Boliviano Japones,PUC - INCA LLOJETA
Feature,paradaspumakatari.1126,Point,-68.12216659,-16.52343808,Shape,Rotonda Cementerio Jardin,PUC - INCA LLOJETA
Feature,paradaspumakatari.1127,Point,-68.11888939,-16.52198363,Shape,Avenida Mario Mercado,PUC - INCA LLOJETA
Feature,paradaspumakatari.1128,Point,-68.115523,-16.521876,Shape,Calle 0 de Obrajes vuelta,PUC - INCA LLOJETA
Feature,paradaspumakatari.1129,Point,-68.11457585,-16.51898166,Shape,Universidad Los Andes,PUC - INCA LLOJETA
Feature,paradaspumakatari.1130,Point,-68.11954805,-16.5151607,Shape,U. E. Amor de Dios,PUC - INCA LLOJETA
Feature,paradaspumakatari.1131,Point,-68.12077886,-16.51087995,Shape,Avenida del Poeta,PUC - INCA LLOJETA
Feature,paradaspumakatari.1132,Point,-68.12727957,-16.50457738,Shape,Cancha Zapata,PUC - INCA LLOJETA
Feature,paradaspumakatari.1133,Point,-68.12824913,-16.5008002,Shape,Estacion de Transferencia PUC-INCA LLOJETA,PUC - INCA LLOJETA
Feature,paradaspumakatari.1134,Point,-68.14600562,-16.53418214,Shape,Raúl Salmon,INCA LLOJETA - PUC
Feature,paradaspumakatari.1135,Point,-68.13475368,-16.5340125,Shape,Vergelito,INCA LLOJETA - PUC
Feature,paradaspumakatari.1136,Point,-68.13778565,-16.5333209,Shape,Centro de Salud el Vergel,INCA LLOJETA - PUC
Feature,paradaspumakatari.1137,Point,-68.14051295,-16.53326549,Shape,Final Buenos Aires,INCA LLOJETA - PUC
Feature,paradaspumakatari.1138,Point,-68.14432041,-16.5332586,Shape,Calle J,INCA LLOJETA - PUC
Feature,paradaspumakatari.1139,Point,-68.131344,-16.53311979,Shape,Tomillo,INCA LLOJETA - PUC
Feature,paradaspumakatari.1140,Point,-68.14246841,-16.53261206,Shape,U.E José Santos Vargas,INCA LLOJETA - PUC
Feature,paradaspumakatari.1141,Point,-68.14598948,-16.53248079,Shape,Graderías Nestor Paz,INCA LLOJETA - PUC
Feature,paradaspumakatari.1142,Point,-68.12662002,-16.53182155,Shape,Las Acacias,INCA LLOJETA - PUC
Feature,paradaspumakatari.1143,Point,-68.12885629,-16.52988637,Shape,Las Petunias,INCA LLOJETA - PUC
Feature,paradaspumakatari.1144,Point,-68.14332672,-16.52919143,Shape,Rotonda Tupac katari,INCA LLOJETA - PUC
Feature,paradaspumakatari.1145,Point,-68.12625531,-16.52668253,Shape,Hospital Nuestra Señora de La Paz,INCA LLOJETA - PUC
Feature,paradaspumakatari.1146,Point,-68.12362183,-16.52646026,Shape,UE Boliviano Japones,INCA LLOJETA - PUC
Feature,paradaspumakatari.1147,Point,-68.12139889,-16.52363464,Shape,Rotonda Cementerio Jardin Ida,INCA LLOJETA - PUC
Feature,paradaspumakatari.1148,Point,-68.11799038,-16.52162291,Shape,Avenida Mario Mercado,INCA LLOJETA - PUC
Feature,paradaspumakatari.1149,Point,-68.11811319,-16.52086322,Shape,Derechos Humanos,INCA LLOJETA - PUC
Feature,paradaspumakatari.1150,Point,-68.119478,-16.515533,Shape,San Jorge,INCA LLOJETA - PUC
Feature,paradaspumakatari.1151,Point,-68.12227559,-16.51295053,Shape,6 de Agosto,INCA LLOJETA - PUC
Feature,paradaspumakatari.1152,Point,-68.12085989,-16.51056385,Shape,Avenida del Poeta,INCA LLOJETA - PUC
Feature,paradaspumakatari.1153,Point,-68.12846665,-16.50393681,Shape,UMSA,INCA LLOJETA - PUC
